{"type": "FeatureCollection", "features": [{"type": "Feature", "properties": {"name": "Bradford", "county": "West Yorkshire"}, "geometry": {"type": "Polygon", "coordinates": [[[-1.87994, 53.95589], [-1.87627, 53.95128], [-1.87629, 53.94889], [-1.87415, 53.94507], [-1.8621, 53.94055], [-1.86173, 53.93911], [-1.86298, 53.93443], [-1.86083, 53.93289], [-1.85223, 53.93096], [-1.84333, 53.93295], [-1.83989, 53.93151], [-1.8362, 53.93141], [-1.837, 53.93235], [-1.84865, 53.93601], [-1.84769, 53.94076], [-1.84172, 53.93936], [-1.83012, 53.94037], [-1.8302, 53.938], [-1.82402, 53.93903], [-1.82339, 53.93834], [-1.82015, 53.93804], [-1.80509, 53.93901], [-1.80354, 53.93792], [-1.80286, 53.93594], [-1.79749, 53.93647], [-1.79738, 53.9342], [-1.79627, 53.93355], [-1.79636, 53.93089], [-1.79849, 53.93015], [-1.79801, 53.9297], [-1.78244, 53.92943], [-1.77993, 53.9254], [-1.77598, 53.92147], [-1.77228, 53.92087], [-1.76896, 53.92155], [-1.76782, 53.924], [-1.76542, 53.92471], [-1.7555, 53.92103], [-1.74562, 53.92299], [-1.74504, 53.92236], [-1.74607, 53.92089], [-1.74599, 53.91852], [-1.74216, 53.91457], [-1.7387, 53.91288], [-1.72721, 53.91018], [-1.72735, 53.90894], [-1.72896, 53.90824], [-1.73128, 53.90277], [-1.73054, 53.90202], [-1.73232, 53.89995], [-1.73104, 53.89704], [-1.73207, 53.89588], [-1.72835, 53.89416], [-1.72092, 53.89381], [-1.71729, 53.89228], [-1.71727, 53.89105], [-1.72268, 53.89081], [-1.72675, 53.88819], [-1.72718, 53.88774], [-1.72545, 53.88567], [-1.73512, 53.88697], [-1.74249, 53.88486], [-1.74916, 53.88571], [-1.75643, 53.88465], [-1.76339, 53.88879], [-1.76729, 53.8902], [-1.77063, 53.89016], [-1.77346, 53.88901], [-1.77952, 53.89118], [-1.77668, 53.89384], [-1.78746, 53.89689], [-1.79496, 53.89461], [-1.80036, 53.8859], [-1.79465, 53.88051], [-1.78455, 53.88052], [-1.77872, 53.87858], [-1.77941, 53.87648], [-1.77864, 53.87558], [-1.77942, 53.87436], [-1.77825, 53.87187], [-1.77273, 53.86996], [-1.77213, 53.86876], [-1.7692, 53.86803], [-1.76935, 53.86728], [-1.76432, 53.86697], [-1.76108, 53.86484], [-1.76098, 53.86383], [-1.75961, 53.86364], [-1.75793, 53.86652], [-1.75397, 53.866], [-1.75349, 53.86741], [-1.74439, 53.86554], [-1.74634, 53.86337], [-1.73853, 53.86442], [-1.7382, 53.8636], [-1.73362, 53.86419], [-1.72861, 53.86496], [-1.72817, 53.86576], [-1.71877, 53.8641], [-1.71518, 53.86622], [-1.71029, 53.86347], [-1.70839, 53.86426], [-1.70817, 53.86265], [-1.70504, 53.86027], [-1.70217, 53.86057], [-1.70206, 53.85784], [-1.69976, 53.85774], [-1.6996, 53.85717], [-1.69509, 53.85752], [-1.69508, 53.85529], [-1.69302, 53.85291], [-1.69646, 53.84731], [-1.70087, 53.84543], [-1.70374, 53.84228], [-1.7033, 53.84007], [-1.70498, 53.83709], [-1.70314, 53.83634], [-1.7047, 53.83445], [-1.70372, 53.83252], [-1.70488, 53.8318], [-1.70664, 53.82857], [-1.70556, 53.82764], [-1.70633, 53.82564], [-1.70497, 53.82317], [-1.70801, 53.81568], [-1.70789, 53.81364], [-1.7069, 53.81254], [-1.70829, 53.81008], [-1.70613, 53.80648], [-1.70661, 53.80407], [-1.70128, 53.80225], [-1.70369, 53.80179], [-1.70852, 53.79429], [-1.71116, 53.79159], [-1.70797, 53.7899], [-1.70733, 53.78769], [-1.71207, 53.78308], [-1.69338, 53.78433], [-1.68237, 53.78644], [-1.68026, 53.78353], [-1.67416, 53.77997], [-1.66785, 53.7792], [-1.66465, 53.78008], [-1.64053, 53.77992], [-1.64106, 53.77338], [-1.64645, 53.77144], [-1.64956, 53.76818], [-1.65235, 53.76675], [-1.65813, 53.76725], [-1.66284, 53.76673], [-1.66529, 53.76399], [-1.67007, 53.76212], [-1.67323, 53.76205], [-1.67745, 53.76014], [-1.68168, 53.75648], [-1.68666, 53.75811], [-1.69072, 53.75841], [-1.69001, 53.75998], [-1.70475, 53.76484], [-1.70914, 53.76244], [-1.71439, 53.76243], [-1.71374, 53.76171], [-1.72221, 53.75882], [-1.72559, 53.75614], [-1.72728, 53.75284], [-1.73039, 53.75129], [-1.73119, 53.7499], [-1.73391, 53.74818], [-1.73376, 53.7469], [-1.74081, 53.74789], [-1.74734, 53.74678], [-1.74595, 53.74368], [-1.74741, 53.74267], [-1.74593, 53.74223], [-1.74713, 53.73791], [-1.74599, 53.73446], [-1.76099, 53.73453], [-1.76048, 53.73422], [-1.76146, 53.73393], [-1.76377, 53.73017], [-1.77373, 53.72433], [-1.77633, 53.72828], [-1.77947, 53.72963], [-1.77856, 53.73207], [-1.77961, 53.73407], [-1.77893, 53.73474], [-1.77984, 53.73781], [-1.78502, 53.73979], [-1.78473, 53.74089], [-1.78548, 53.74198], [-1.78877, 53.74253], [-1.78902, 53.74326], [-1.7941, 53.74547], [-1.79604, 53.74726], [-1.79348, 53.74918], [-1.7946, 53.75304], [-1.801, 53.75489], [-1.80248, 53.75661], [-1.80172, 53.75725], [-1.8022, 53.75934], [-1.8095, 53.76432], [-1.82018, 53.7642], [-1.82588, 53.76298], [-1.82785, 53.76369], [-1.8342, 53.75927], [-1.83688, 53.75965], [-1.84022, 53.75563], [-1.84441, 53.75494], [-1.84635, 53.75325], [-1.85075, 53.75339], [-1.85299, 53.75241], [-1.85418, 53.75104], [-1.85285, 53.74952], [-1.85544, 53.74831], [-1.85622, 53.74992], [-1.85555, 53.75081], [-1.86156, 53.75245], [-1.8637, 53.75114], [-1.86487, 53.75134], [-1.86525, 53.75272], [-1.86823, 53.75329], [-1.86943, 53.75525], [-1.87257, 53.75481], [-1.86941, 53.75824], [-1.87004, 53.75859], [-1.86939, 53.75972], [-1.87203, 53.76276], [-1.87259, 53.76779], [-1.8719, 53.7701], [-1.87287, 53.77115], [-1.87187, 53.77533], [-1.87335, 53.77858], [-1.87844, 53.77884], [-1.88069, 53.77989], [-1.88752, 53.77961], [-1.88899, 53.78087], [-1.91463, 53.78157], [-1.92698, 53.78747], [-1.94709, 53.78679], [-1.95971, 53.78426], [-1.98085, 53.78634], [-1.98676, 53.79614], [-1.9959, 53.79961], [-2.00966, 53.80709], [-2.03161, 53.80909], [-2.03693, 53.81454], [-2.05029, 53.81986], [-2.06125, 53.82562], [-2.04692, 53.8295], [-2.04507, 53.83888], [-2.04613, 53.85013], [-2.03171, 53.85858], [-2.02163, 53.87148], [-2.01348, 53.86972], [-2.01303, 53.87051], [-1.99945, 53.87205], [-1.99548, 53.86867], [-1.98765, 53.86772], [-1.98236, 53.86885], [-1.97698, 53.87559], [-1.97612, 53.87888], [-1.97809, 53.88419], [-1.97725, 53.88772], [-1.98131, 53.89424], [-1.9811, 53.89696], [-1.9789, 53.898], [-1.97935, 53.90117], [-1.97488, 53.90116], [-1.96842, 53.90383], [-1.95256, 53.90352], [-1.95341, 53.90651], [-1.95322, 53.91169], [-1.95745, 53.91357], [-1.9617, 53.91827], [-1.97394, 53.92404], [-1.97686, 53.9264], [-1.97192, 53.92997], [-1.97021, 53.92907], [-1.97041, 53.92842], [-1.96724, 53.92751], [-1.96589, 53.92787], [-1.96591, 53.93041], [-1.96802, 53.93181], [-1.96307, 53.93339], [-1.97052, 53.94332], [-1.96883, 53.94392], [-1.96229, 53.94319], [-1.96238, 53.94531], [-1.96389, 53.94803], [-1.96505, 53.94822], [-1.96617, 53.95155], [-1.9582, 53.95394], [-1.94936, 53.953], [-1.95068, 53.95673], [-1.94399, 53.95617], [-1.94161, 53.9525], [-1.93423, 53.9519], [-1.93086, 53.95025], [-1.92798, 53.95044], [-1.92277, 53.95562], [-1.9201, 53.95564], [-1.91912, 53.9549], [-1.91316, 53.95598], [-1.91196, 53.95694], [-1.90627, 53.95836], [-1.9035, 53.95826], [-1.90357, 53.95722], [-1.89884, 53.95538], [-1.89313, 53.95537], [-1.89051, 53.95733], [-1.8897, 53.95926], [-1.88638, 53.96088], [-1.88545, 53.963], [-1.87872, 53.96238], [-1.87814, 53.95898], [-1.87994, 53.95589]]]}}, {"type": "Feature", "properties": {"name": "Calderdale", "county": "West Yorkshire"}, "geometry": {"type": "Polygon", "coordinates": [[[-1.98085, 53.78634], [-1.95971, 53.78426], [-1.94709, 53.78679], [-1.92698, 53.78747], [-1.91463, 53.78157], [-1.88899, 53.78087], [-1.88752, 53.77961], [-1.88069, 53.77989], [-1.87844, 53.77884], [-1.87335, 53.77858], [-1.87187, 53.77533], [-1.87287, 53.77115], [-1.8719, 53.7701], [-1.87259, 53.76779], [-1.87203, 53.76276], [-1.86939, 53.75972], [-1.87004, 53.75859], [-1.86941, 53.75824], [-1.87257, 53.75481], [-1.86943, 53.75525], [-1.86823, 53.75329], [-1.86525, 53.75272], [-1.86487, 53.75134], [-1.8637, 53.75114], [-1.86156, 53.75245], [-1.85555, 53.75081], [-1.85622, 53.74992], [-1.85544, 53.74831], [-1.85285, 53.74952], [-1.85418, 53.75104], [-1.85299, 53.75241], [-1.85075, 53.75339], [-1.84635, 53.75325], [-1.84441, 53.75494], [-1.84022, 53.75563], [-1.83688, 53.75965], [-1.8342, 53.75927], [-1.82785, 53.76369], [-1.82588, 53.76298], [-1.82018, 53.7642], [-1.8095, 53.76432], [-1.8022, 53.75934], [-1.80172, 53.75725], [-1.80248, 53.75661], [-1.801, 53.75489], [-1.7946, 53.75304], [-1.79348, 53.74918], [-1.79604, 53.74726], [-1.7941, 53.74547], [-1.78902, 53.74326], [-1.78877, 53.74253], [-1.78548, 53.74198], [-1.78473, 53.74089], [-1.78502, 53.73979], [-1.77984, 53.73781], [-1.77893, 53.73474], [-1.77961, 53.73407], [-1.77856, 53.73207], [-1.77947, 53.72963], [-1.77633, 53.72828], [-1.77373, 53.72433], [-1.77008, 53.72624], [-1.75999, 53.72518], [-1.75641, 53.72618], [-1.75368, 53.72579], [-1.75402, 53.72304], [-1.75539, 53.72307], [-1.7554, 53.72072], [-1.74504, 53.71825], [-1.74398, 53.71557], [-1.74123, 53.71686], [-1.73587, 53.71327], [-1.73893, 53.71215], [-1.7361, 53.71031], [-1.73578, 53.70907], [-1.73965, 53.70461], [-1.73868, 53.70404], [-1.73879, 53.70232], [-1.73696, 53.70225], [-1.73949, 53.69937], [-1.7332, 53.69478], [-1.73553, 53.68967], [-1.73487, 53.68833], [-1.73115, 53.68554], [-1.73218, 53.68457], [-1.72722, 53.6828], [-1.73041, 53.68164], [-1.7314, 53.68035], [-1.73599, 53.68246], [-1.73665, 53.68477], [-1.73884, 53.68538], [-1.74056, 53.68705], [-1.74151, 53.69121], [-1.74632, 53.69441], [-1.74789, 53.69445], [-1.75196, 53.69294], [-1.7598, 53.6925], [-1.76188, 53.68963], [-1.76925, 53.68792], [-1.77998, 53.68362], [-1.7893, 53.68279], [-1.81145, 53.67782], [-1.81483, 53.67633], [-1.82023, 53.67218], [-1.82583, 53.67023], [-1.83152, 53.67017], [-1.83557, 53.66899], [-1.83816, 53.6708], [-1.84234, 53.67188], [-1.85366, 53.67257], [-1.85086, 53.66943], [-1.8436, 53.66609], [-1.84784, 53.66454], [-1.8497, 53.66596], [-1.85105, 53.66569], [-1.85349, 53.66375], [-1.86046, 53.6627], [-1.85998, 53.66207], [-1.8621, 53.66215], [-1.86701, 53.65951], [-1.86799, 53.66015], [-1.87275, 53.65807], [-1.87499, 53.65809], [-1.87514, 53.65695], [-1.89278, 53.64852], [-1.89224, 53.64787], [-1.89405, 53.64699], [-1.89466, 53.64541], [-1.8978, 53.64464], [-1.90487, 53.64494], [-1.92958, 53.64839], [-1.93424, 53.64837], [-1.93603, 53.64524], [-1.94209, 53.64032], [-1.94782, 53.63736], [-1.96306, 53.63275], [-1.96609, 53.6294], [-1.97956, 53.62301], [-1.99309, 53.62395], [-2.00454, 53.62242], [-2.00417, 53.61952], [-2.00947, 53.61676], [-2.01477, 53.61533], [-2.02304, 53.61582], [-2.02644, 53.62079], [-2.02687, 53.62423], [-2.03089, 53.62922], [-2.02975, 53.63082], [-2.02903, 53.63421], [-2.03, 53.63615], [-2.03693, 53.63818], [-2.04114, 53.64083], [-2.04158, 53.6454], [-2.04071, 53.64836], [-2.03968, 53.64897], [-2.04053, 53.6509], [-2.03954, 53.65104], [-2.03961, 53.65192], [-2.03659, 53.6553], [-2.03571, 53.65931], [-2.0371, 53.66233], [-2.04483, 53.66545], [-2.05292, 53.6703], [-2.05486, 53.67565], [-2.0535, 53.67788], [-2.0489, 53.68021], [-2.05124, 53.68368], [-2.05555, 53.68265], [-2.06182, 53.68283], [-2.0734, 53.67749], [-2.08317, 53.67806], [-2.08406, 53.67765], [-2.08439, 53.67295], [-2.08712, 53.67079], [-2.09029, 53.67095], [-2.09291, 53.67015], [-2.09704, 53.67261], [-2.11809, 53.67123], [-2.12539, 53.67482], [-2.12497, 53.67514], [-2.12622, 53.6756], [-2.12672, 53.67687], [-2.12768, 53.68154], [-2.13413, 53.68572], [-2.13972, 53.68279], [-2.14109, 53.67896], [-2.14226, 53.67799], [-2.14354, 53.67848], [-2.14818, 53.6861], [-2.14525, 53.69228], [-2.15045, 53.69457], [-2.16111, 53.69765], [-2.16258, 53.69921], [-2.16205, 53.70435], [-2.16253, 53.70724], [-2.16576, 53.71018], [-2.16683, 53.7135], [-2.172, 53.71715], [-2.17134, 53.71882], [-2.16973, 53.7194], [-2.17329, 53.723], [-2.17139, 53.7252], [-2.16669, 53.7278], [-2.16392, 53.73125], [-2.1562, 53.73365], [-2.15686, 53.73489], [-2.15609, 53.73531], [-2.15307, 53.73444], [-2.15215, 53.73531], [-2.14909, 53.73388], [-2.1478, 53.73538], [-2.14541, 53.73604], [-2.14521, 53.73686], [-2.14377, 53.73732], [-2.14483, 53.73897], [-2.14309, 53.7391], [-2.14095, 53.74179], [-2.14186, 53.74389], [-2.14165, 53.74573], [-2.13343, 53.74966], [-2.1313, 53.75136], [-2.12952, 53.75458], [-2.13159, 53.75805], [-2.13007, 53.76307], [-2.13078, 53.76515], [-2.13007, 53.76827], [-2.13046, 53.77238], [-2.13134, 53.77439], [-2.13503, 53.77683], [-2.13636, 53.78009], [-2.13048, 53.78512], [-2.12732, 53.7861], [-2.12481, 53.78804], [-2.12569, 53.78964], [-2.12972, 53.79162], [-2.12785, 53.79465], [-2.12836, 53.79902], [-2.09208, 53.81408], [-2.08486, 53.81854], [-2.06125, 53.82562], [-2.05029, 53.81986], [-2.03693, 53.81454], [-2.03161, 53.80909], [-2.00966, 53.80709], [-1.9959, 53.79961], [-1.98676, 53.79614], [-1.98085, 53.78634]]]}}, {"type": "Feature", "properties": {"name": "Kirklees", "county": "West Yorkshire"}, "geometry": {"type": "Polygon", "coordinates": [[[-1.70475, 53.76484], [-1.69001, 53.75998], [-1.69072, 53.75841], [-1.68666, 53.75811], [-1.68168, 53.75648], [-1.67628, 53.75375], [-1.67559, 53.75271], [-1.67616, 53.75208], [-1.67447, 53.75209], [-1.66336, 53.74733], [-1.65852, 53.74671], [-1.65836, 53.74547], [-1.63783, 53.74775], [-1.63936, 53.74679], [-1.63857, 53.74618], [-1.63881, 53.74515], [-1.63582, 53.74254], [-1.63667, 53.74002], [-1.6342, 53.73955], [-1.63629, 53.73859], [-1.63204, 53.73201], [-1.63183, 53.7288], [-1.62996, 53.72711], [-1.63048, 53.72688], [-1.6267, 53.7247], [-1.62679, 53.72377], [-1.62523, 53.7233], [-1.6249, 53.72139], [-1.62302, 53.72105], [-1.62313, 53.71845], [-1.61817, 53.71893], [-1.61064, 53.72101], [-1.60554, 53.72117], [-1.60156, 53.71977], [-1.58985, 53.71789], [-1.58772, 53.71652], [-1.58367, 53.7161], [-1.58335, 53.71459], [-1.57949, 53.71213], [-1.57849, 53.7098], [-1.57107, 53.70704], [-1.57113, 53.70642], [-1.57646, 53.70461], [-1.58966, 53.70234], [-1.59404, 53.70027], [-1.59589, 53.70061], [-1.59832, 53.69974], [-1.6022, 53.69617], [-1.60264, 53.69338], [-1.60202, 53.69267], [-1.60261, 53.69215], [-1.59222, 53.6915], [-1.59196, 53.68934], [-1.59591, 53.68675], [-1.59883, 53.68364], [-1.60224, 53.68393], [-1.6051, 53.6794], [-1.61518, 53.67725], [-1.61394, 53.67365], [-1.60802, 53.67242], [-1.60752, 53.67196], [-1.60844, 53.67092], [-1.60666, 53.66921], [-1.60288, 53.6692], [-1.59946, 53.66761], [-1.59125, 53.66286], [-1.59035, 53.66103], [-1.59083, 53.66045], [-1.59186, 53.66077], [-1.59256, 53.65907], [-1.59529, 53.65981], [-1.59848, 53.65839], [-1.6103, 53.6569], [-1.61103, 53.65621], [-1.62126, 53.65535], [-1.62484, 53.65358], [-1.61924, 53.64636], [-1.62073, 53.64367], [-1.62278, 53.64214], [-1.6237, 53.63935], [-1.6232, 53.6381], [-1.62212, 53.63736], [-1.61944, 53.63912], [-1.61728, 53.63775], [-1.61585, 53.63472], [-1.61219, 53.63268], [-1.61559, 53.63185], [-1.61567, 53.63024], [-1.6103, 53.628], [-1.61451, 53.62592], [-1.61369, 53.62465], [-1.60825, 53.62152], [-1.60758, 53.61963], [-1.60252, 53.61813], [-1.60231, 53.61741], [-1.6007, 53.61816], [-1.59575, 53.61686], [-1.58952, 53.61281], [-1.58672, 53.61032], [-1.58645, 53.60716], [-1.58822, 53.6065], [-1.59112, 53.60678], [-1.58785, 53.60359], [-1.58694, 53.60378], [-1.5852, 53.60022], [-1.58644, 53.59998], [-1.58652, 53.59697], [-1.58799, 53.59351], [-1.58963, 53.59389], [-1.59109, 53.59236], [-1.59773, 53.59023], [-1.59801, 53.58944], [-1.60174, 53.58775], [-1.60051, 53.5863], [-1.60248, 53.58495], [-1.60232, 53.58306], [-1.60079, 53.58123], [-1.59805, 53.57976], [-1.59953, 53.5791], [-1.60024, 53.57739], [-1.5962, 53.57697], [-1.60626, 53.57289], [-1.60716, 53.57154], [-1.60967, 53.57208], [-1.61304, 53.56643], [-1.61445, 53.56501], [-1.61641, 53.56451], [-1.6157, 53.56303], [-1.62228, 53.56281], [-1.62701, 53.56358], [-1.64892, 53.56198], [-1.65171, 53.56074], [-1.65656, 53.56054], [-1.65852, 53.55887], [-1.65928, 53.55979], [-1.66087, 53.55958], [-1.66393, 53.55749], [-1.66175, 53.55581], [-1.66191, 53.55368], [-1.66953, 53.55322], [-1.6706, 53.55414], [-1.69904, 53.55379], [-1.70413, 53.56023], [-1.72322, 53.55993], [-1.72533, 53.55532], [-1.7264, 53.5545], [-1.72447, 53.55221], [-1.72746, 53.55017], [-1.73016, 53.54675], [-1.74158, 53.54108], [-1.75585, 53.53669], [-1.76557, 53.53561], [-1.77178, 53.53384], [-1.77681, 53.53549], [-1.78544, 53.53478], [-1.7886, 53.53554], [-1.79703, 53.53388], [-1.79985, 53.53449], [-1.80428, 53.537], [-1.82223, 53.52108], [-1.82275, 53.5219], [-1.82715, 53.52349], [-1.83527, 53.52058], [-1.84182, 53.51989], [-1.84424, 53.52177], [-1.84399, 53.52255], [-1.84569, 53.52471], [-1.85238, 53.52714], [-1.85665, 53.53], [-1.85954, 53.53363], [-1.86343, 53.53495], [-1.87349, 53.54041], [-1.88269, 53.53914], [-1.88705, 53.53585], [-1.89411, 53.5336], [-1.89932, 53.5381], [-1.90962, 53.53837], [-1.91289, 53.55163], [-1.91937, 53.55086], [-1.92158, 53.55298], [-1.92445, 53.55254], [-1.9287, 53.55557], [-1.94273, 53.56163], [-1.9446, 53.56867], [-1.9464, 53.57149], [-1.95658, 53.57756], [-1.96687, 53.58], [-1.97116, 53.58414], [-1.97825, 53.58677], [-1.98165, 53.58932], [-1.99588, 53.6051], [-2.00752, 53.61252], [-2.00768, 53.61436], [-2.00947, 53.61676], [-2.00417, 53.61952], [-2.00454, 53.62242], [-1.99309, 53.62395], [-1.97956, 53.62301], [-1.96609, 53.6294], [-1.96306, 53.63275], [-1.94782, 53.63736], [-1.94209, 53.64032], [-1.93603, 53.64524], [-1.93424, 53.64837], [-1.8978, 53.64464], [-1.89466, 53.64541], [-1.89405, 53.64699], [-1.89224, 53.64787], [-1.89278, 53.64852], [-1.87514, 53.65695], [-1.87499, 53.65809], [-1.87275, 53.65807], [-1.86799, 53.66015], [-1.86701, 53.65951], [-1.8621, 53.66215], [-1.85998, 53.66207], [-1.86046, 53.6627], [-1.85349, 53.66375], [-1.85105, 53.66569], [-1.8497, 53.66596], [-1.84784, 53.66454], [-1.8436, 53.66609], [-1.85086, 53.66943], [-1.85366, 53.67257], [-1.84234, 53.67188], [-1.83816, 53.6708], [-1.83557, 53.66899], [-1.83152, 53.67017], [-1.82583, 53.67023], [-1.82023, 53.67218], [-1.81483, 53.67633], [-1.81145, 53.67782], [-1.7893, 53.68279], [-1.77998, 53.68362], [-1.76925, 53.68792], [-1.76188, 53.68963], [-1.7598, 53.6925], [-1.75196, 53.69294], [-1.74789, 53.69445], [-1.74632, 53.69441], [-1.74151, 53.69121], [-1.74056, 53.68705], [-1.73884, 53.68538], [-1.73665, 53.68477], [-1.73599, 53.68246], [-1.7314, 53.68035], [-1.73041, 53.68164], [-1.72722, 53.6828], [-1.73218, 53.68457], [-1.73115, 53.68554], [-1.73487, 53.68833], [-1.73553, 53.68967], [-1.7332, 53.69478], [-1.73949, 53.69937], [-1.73696, 53.70225], [-1.73879, 53.70232], [-1.73868, 53.70404], [-1.73965, 53.70461], [-1.73578, 53.70907], [-1.7361, 53.71031], [-1.73893, 53.71215], [-1.73587, 53.71327], [-1.74123, 53.71686], [-1.74398, 53.71557], [-1.74504, 53.71825], [-1.7554, 53.72072], [-1.75539, 53.72307], [-1.75402, 53.72304], [-1.75368, 53.72579], [-1.75641, 53.72618], [-1.75999, 53.72518], [-1.77008, 53.72624], [-1.76377, 53.73017], [-1.76146, 53.73393], [-1.76048, 53.73422], [-1.76099, 53.73453], [-1.74599, 53.73446], [-1.74713, 53.73791], [-1.74593, 53.74223], [-1.74741, 53.74267], [-1.74595, 53.74368], [-1.74734, 53.74678], [-1.74649, 53.74735], [-1.74284, 53.7471], [-1.74081, 53.74789], [-1.73376, 53.7469], [-1.73391, 53.74818], [-1.73119, 53.7499], [-1.73039, 53.75129], [-1.72728, 53.75284], [-1.72559, 53.75614], [-1.72221, 53.75882], [-1.71374, 53.76171], [-1.71439, 53.76243], [-1.70914, 53.76244], [-1.70475, 53.76484]]]}}, {"type": "Feature", "properties": {"name": "Leeds", "county": "West Yorkshire"}, "geometry": {"type": "Polygon", "coordinates": [[[-1.34285, 53.94326], [-1.34393, 53.93991], [-1.34471, 53.93948], [-1.33953, 53.94079], [-1.33752, 53.94012], [-1.33627, 53.93848], [-1.33503, 53.93946], [-1.33245, 53.93974], [-1.3311, 53.93847], [-1.32556, 53.93792], [-1.32281, 53.93655], [-1.3211, 53.937], [-1.32058, 53.93603], [-1.30696, 53.93441], [-1.30899, 53.92408], [-1.30659, 53.92428], [-1.30527, 53.92711], [-1.30222, 53.92739], [-1.30041, 53.9294], [-1.29676, 53.92864], [-1.29417, 53.92705], [-1.30424, 53.92495], [-1.3073, 53.92148], [-1.3053, 53.92114], [-1.30093, 53.92235], [-1.30142, 53.92118], [-1.30033, 53.92065], [-1.29845, 53.92197], [-1.2972, 53.92166], [-1.30008, 53.91909], [-1.30119, 53.91453], [-1.30201, 53.90967], [-1.30058, 53.90747], [-1.31084, 53.90593], [-1.32178, 53.9029], [-1.32227, 53.90044], [-1.31814, 53.89753], [-1.31782, 53.89407], [-1.31677, 53.89201], [-1.31793, 53.89183], [-1.31795, 53.88873], [-1.32002, 53.88851], [-1.31999, 53.88538], [-1.3208, 53.88377], [-1.3156, 53.88166], [-1.31576, 53.87947], [-1.31969, 53.87894], [-1.31708, 53.87847], [-1.3184, 53.87746], [-1.31479, 53.86865], [-1.31178, 53.86686], [-1.3126, 53.8653], [-1.31541, 53.86332], [-1.31889, 53.86227], [-1.33155, 53.86152], [-1.35297, 53.85673], [-1.34275, 53.8515], [-1.33842, 53.85173], [-1.34213, 53.84516], [-1.33822, 53.84423], [-1.33234, 53.84094], [-1.32815, 53.84128], [-1.32655, 53.84041], [-1.32542, 53.83812], [-1.326, 53.83588], [-1.32534, 53.83504], [-1.32844, 53.83497], [-1.32974, 53.83581], [-1.33609, 53.83357], [-1.33277, 53.83277], [-1.31537, 53.82358], [-1.30967, 53.82288], [-1.31039, 53.8199], [-1.30709, 53.8176], [-1.30362, 53.81652], [-1.3051, 53.81503], [-1.30729, 53.8145], [-1.3076, 53.81361], [-1.31243, 53.81436], [-1.31362, 53.80964], [-1.31487, 53.80954], [-1.31394, 53.80681], [-1.31362, 53.80086], [-1.31172, 53.79543], [-1.31282, 53.78935], [-1.31127, 53.78801], [-1.31363, 53.78607], [-1.31381, 53.78154], [-1.3116, 53.77968], [-1.31259, 53.77928], [-1.30346, 53.77491], [-1.30678, 53.77303], [-1.29812, 53.77279], [-1.29558, 53.7713], [-1.29196, 53.76718], [-1.29039, 53.76425], [-1.29054, 53.76275], [-1.29222, 53.76051], [-1.29246, 53.76147], [-1.2927, 53.76013], [-1.29675, 53.75894], [-1.29469, 53.75626], [-1.29494, 53.75545], [-1.3015, 53.75572], [-1.30556, 53.75472], [-1.30773, 53.75513], [-1.3085, 53.75648], [-1.31224, 53.75587], [-1.31208, 53.75216], [-1.31535, 53.74366], [-1.31003, 53.74452], [-1.30722, 53.74272], [-1.30383, 53.74188], [-1.30235, 53.74248], [-1.30204, 53.74171], [-1.3082, 53.73909], [-1.3116, 53.74098], [-1.31379, 53.74094], [-1.32025, 53.73567], [-1.32308, 53.73481], [-1.32806, 53.73658], [-1.33336, 53.73565], [-1.34008, 53.73634], [-1.35648, 53.73151], [-1.36102, 53.73192], [-1.36795, 53.7296], [-1.37607, 53.72948], [-1.38171, 53.72661], [-1.39448, 53.72376], [-1.39616, 53.72274], [-1.39735, 53.72017], [-1.39895, 53.71937], [-1.41198, 53.72309], [-1.41968, 53.72209], [-1.42309, 53.72351], [-1.42825, 53.72132], [-1.43467, 53.72565], [-1.44346, 53.72816], [-1.45462, 53.72805], [-1.4574, 53.72719], [-1.46189, 53.72799], [-1.48795, 53.72772], [-1.48928, 53.723], [-1.49186, 53.72213], [-1.49581, 53.72232], [-1.50438, 53.72497], [-1.50193, 53.7258], [-1.50324, 53.72723], [-1.50596, 53.72706], [-1.50558, 53.72911], [-1.51054, 53.72968], [-1.51736, 53.72465], [-1.5325, 53.71632], [-1.53399, 53.7148], [-1.54064, 53.71313], [-1.54712, 53.71017], [-1.5521, 53.70545], [-1.55395, 53.70241], [-1.55502, 53.70316], [-1.55926, 53.69898], [-1.56426, 53.70162], [-1.56636, 53.70408], [-1.57113, 53.70642], [-1.57291, 53.70813], [-1.57849, 53.7098], [-1.57949, 53.71213], [-1.58335, 53.71459], [-1.58367, 53.7161], [-1.58772, 53.71652], [-1.58985, 53.71789], [-1.60156, 53.71977], [-1.60554, 53.72117], [-1.61064, 53.72101], [-1.61817, 53.71893], [-1.62313, 53.71845], [-1.62302, 53.72105], [-1.6249, 53.72139], [-1.62523, 53.7233], [-1.62679, 53.72377], [-1.6267, 53.7247], [-1.63048, 53.72688], [-1.62996, 53.72711], [-1.63183, 53.7288], [-1.63204, 53.73201], [-1.63629, 53.73859], [-1.6342, 53.73955], [-1.63667, 53.74002], [-1.63582, 53.74254], [-1.63881, 53.74515], [-1.63857, 53.74618], [-1.63936, 53.74679], [-1.63783, 53.74775], [-1.65836, 53.74547], [-1.65852, 53.74671], [-1.66336, 53.74733], [-1.67447, 53.75209], [-1.67616, 53.75208], [-1.67559, 53.75271], [-1.67628, 53.75375], [-1.68168, 53.75648], [-1.67745, 53.76014], [-1.67323, 53.76205], [-1.67007, 53.76212], [-1.66529, 53.76399], [-1.66284, 53.76673], [-1.65648, 53.76723], [-1.65435, 53.76646], [-1.64956, 53.76818], [-1.64645, 53.77144], [-1.64106, 53.77338], [-1.64053, 53.77992], [-1.66465, 53.78008], [-1.66785, 53.7792], [-1.67416, 53.77997], [-1.68026, 53.78353], [-1.68237, 53.78644], [-1.69338, 53.78433], [-1.71207, 53.78308], [-1.70733, 53.78769], [-1.70797, 53.7899], [-1.71116, 53.79159], [-1.70852, 53.79429], [-1.70369, 53.80179], [-1.70128, 53.80225], [-1.70661, 53.80407], [-1.70613, 53.80648], [-1.70829, 53.81008], [-1.7069, 53.81254], [-1.70789, 53.81364], [-1.70801, 53.81568], [-1.70497, 53.82317], [-1.70633, 53.82564], [-1.70556, 53.82764], [-1.70664, 53.82857], [-1.70488, 53.8318], [-1.70372, 53.83252], [-1.7047, 53.83445], [-1.70314, 53.83634], [-1.70498, 53.83709], [-1.7033, 53.84007], [-1.70374, 53.84228], [-1.70087, 53.84543], [-1.69646, 53.84731], [-1.69302, 53.85291], [-1.69508, 53.85529], [-1.69509, 53.85752], [-1.6996, 53.85717], [-1.69976, 53.85774], [-1.70206, 53.85784], [-1.70217, 53.86057], [-1.70504, 53.86027], [-1.70817, 53.86265], [-1.70839, 53.86426], [-1.71029, 53.86347], [-1.71518, 53.86622], [-1.71877, 53.8641], [-1.72817, 53.86576], [-1.72861, 53.86496], [-1.73362, 53.86419], [-1.7382, 53.8636], [-1.73853, 53.86442], [-1.74634, 53.86337], [-1.74439, 53.86554], [-1.75349, 53.86741], [-1.75397, 53.866], [-1.75793, 53.86652], [-1.75961, 53.86364], [-1.76098, 53.86383], [-1.76108, 53.86484], [-1.76432, 53.86697], [-1.76935, 53.86728], [-1.7692, 53.86803], [-1.77213, 53.86876], [-1.77273, 53.86996], [-1.77825, 53.87187], [-1.77942, 53.87436], [-1.77864, 53.87558], [-1.77941, 53.87648], [-1.77872, 53.87858], [-1.78455, 53.88052], [-1.79465, 53.88051], [-1.80036, 53.8859], [-1.79496, 53.89461], [-1.78746, 53.89689], [-1.77668, 53.89384], [-1.77952, 53.89118], [-1.77346, 53.88901], [-1.77063, 53.89016], [-1.76729, 53.8902], [-1.76339, 53.88879], [-1.75643, 53.88465], [-1.74916, 53.88571], [-1.74249, 53.88486], [-1.73512, 53.88697], [-1.72545, 53.88567], [-1.72718, 53.88774], [-1.72675, 53.88819], [-1.72268, 53.89081], [-1.71727, 53.89105], [-1.71729, 53.89228], [-1.72092, 53.89381], [-1.72835, 53.89416], [-1.73207, 53.89588], [-1.73104, 53.89704], [-1.73232, 53.89995], [-1.73054, 53.90202], [-1.73128, 53.90277], [-1.72896, 53.90824], [-1.72735, 53.90894], [-1.72721, 53.91018], [-1.72231, 53.91194], [-1.71795, 53.90853], [-1.7187, 53.91046], [-1.71758, 53.9118], [-1.71643, 53.91762], [-1.70895, 53.91802], [-1.70803, 53.91699], [-1.70611, 53.91706], [-1.70708, 53.91912], [-1.70477, 53.91818], [-1.70224, 53.91843], [-1.69861, 53.91678], [-1.69691, 53.91767], [-1.69634, 53.91712], [-1.69032, 53.91739], [-1.69016, 53.9167], [-1.68702, 53.91637], [-1.68917, 53.91263], [-1.68819, 53.91173], [-1.68457, 53.91197], [-1.68462, 53.91057], [-1.6705, 53.91125], [-1.66519, 53.91309], [-1.65508, 53.91247], [-1.65226, 53.911], [-1.65441, 53.90832], [-1.65202, 53.90571], [-1.64226, 53.90735], [-1.63792, 53.90553], [-1.62792, 53.90531], [-1.62053, 53.90338], [-1.61203, 53.90617], [-1.60718, 53.90897], [-1.59999, 53.90976], [-1.59889, 53.90887], [-1.60131, 53.90791], [-1.60177, 53.90684], [-1.59924, 53.90397], [-1.59293, 53.90197], [-1.58685, 53.90124], [-1.58565, 53.90148], [-1.58518, 53.90249], [-1.58624, 53.90448], [-1.58547, 53.90714], [-1.58431, 53.90897], [-1.58289, 53.90934], [-1.56773, 53.91078], [-1.56621, 53.90996], [-1.56288, 53.90391], [-1.55704, 53.90486], [-1.55122, 53.90305], [-1.55023, 53.9041], [-1.55048, 53.90693], [-1.5491, 53.90865], [-1.54941, 53.91068], [-1.54879, 53.9109], [-1.54351, 53.91], [-1.53629, 53.91018], [-1.52859, 53.90868], [-1.52144, 53.91131], [-1.50772, 53.91175], [-1.49877, 53.91529], [-1.49343, 53.91513], [-1.48924, 53.91193], [-1.48602, 53.9109], [-1.47543, 53.91156], [-1.46829, 53.911], [-1.46551, 53.90961], [-1.46524, 53.90697], [-1.46309, 53.906], [-1.45705, 53.90731], [-1.45092, 53.90712], [-1.44551, 53.90966], [-1.44287, 53.9129], [-1.44044, 53.91389], [-1.43643, 53.91333], [-1.4344, 53.91016], [-1.43243, 53.91119], [-1.43139, 53.91326], [-1.43013, 53.9138], [-1.43211, 53.92081], [-1.43146, 53.92323], [-1.43355, 53.92634], [-1.42978, 53.92888], [-1.42811, 53.92942], [-1.41883, 53.9281], [-1.4067, 53.92783], [-1.41062, 53.93014], [-1.40846, 53.93494], [-1.40919, 53.93545], [-1.40065, 53.93748], [-1.3999, 53.94141], [-1.39718, 53.94252], [-1.39665, 53.94188], [-1.38647, 53.94317], [-1.38168, 53.94047], [-1.37496, 53.94095], [-1.37037, 53.94303], [-1.36195, 53.94147], [-1.35855, 53.94168], [-1.35238, 53.94423], [-1.33983, 53.94555], [-1.34285, 53.94326]]]}}, {"type": "Feature", "properties": {"name": "Wakefield", "county": "West Yorkshire"}, "geometry": {"type": "Polygon", "coordinates": [[[-1.29366, 53.73934], [-1.28665, 53.73537], [-1.28376, 53.73199], [-1.27971, 53.72929], [-1.27768, 53.7265], [-1.27196, 53.72491], [-1.27096, 53.72337], [-1.26903, 53.71514], [-1.25634, 53.71175], [-1.25294, 53.71281], [-1.24818, 53.71171], [-1.23901, 53.71233], [-1.22957, 53.71489], [-1.22759, 53.71286], [-1.22801, 53.71044], [-1.22607, 53.70987], [-1.22394, 53.71065], [-1.22463, 53.71233], [-1.22173, 53.71284], [-1.21981, 53.7144], [-1.21714, 53.71123], [-1.21783, 53.70953], [-1.21879, 53.70929], [-1.21844, 53.70708], [-1.21564, 53.70693], [-1.21513, 53.70547], [-1.19881, 53.70071], [-1.19967, 53.69871], [-1.19899, 53.69488], [-1.24441, 53.69241], [-1.24243, 53.68047], [-1.24395, 53.67323], [-1.24644, 53.67295], [-1.24655, 53.67225], [-1.24878, 53.6716], [-1.25232, 53.66664], [-1.25119, 53.66257], [-1.2525, 53.66243], [-1.25229, 53.66175], [-1.24696, 53.6556], [-1.25116, 53.65161], [-1.24877, 53.64961], [-1.25168, 53.64838], [-1.25521, 53.64894], [-1.25537, 53.64478], [-1.25366, 53.64118], [-1.2453, 53.63532], [-1.24355, 53.63425], [-1.24288, 53.6346], [-1.23806, 53.62684], [-1.23109, 53.61889], [-1.22922, 53.61887], [-1.22789, 53.61733], [-1.23333, 53.61665], [-1.24413, 53.61708], [-1.24818, 53.61628], [-1.2448, 53.60812], [-1.2522, 53.6071], [-1.25054, 53.60385], [-1.24722, 53.60074], [-1.25057, 53.5998], [-1.251, 53.60047], [-1.24986, 53.60066], [-1.25026, 53.60114], [-1.2577, 53.59983], [-1.25839, 53.59874], [-1.25789, 53.59836], [-1.2555, 53.59888], [-1.25741, 53.59808], [-1.25496, 53.59694], [-1.25301, 53.59713], [-1.25808, 53.5949], [-1.25697, 53.59284], [-1.2629, 53.59079], [-1.26422, 53.59131], [-1.26606, 53.58978], [-1.27669, 53.58995], [-1.27947, 53.58754], [-1.27781, 53.58604], [-1.28011, 53.5843], [-1.2968, 53.57799], [-1.30794, 53.57539], [-1.31845, 53.57747], [-1.32212, 53.57958], [-1.33367, 53.57954], [-1.33625, 53.58102], [-1.34765, 53.58419], [-1.35143, 53.58106], [-1.35386, 53.58338], [-1.35642, 53.58915], [-1.35463, 53.59203], [-1.35616, 53.59535], [-1.3599, 53.59678], [-1.36023, 53.59861], [-1.36386, 53.6017], [-1.37679, 53.60647], [-1.37895, 53.6066], [-1.38397, 53.6038], [-1.40021, 53.59864], [-1.40187, 53.60024], [-1.4053, 53.60042], [-1.40722, 53.60138], [-1.41281, 53.6013], [-1.41517, 53.60318], [-1.41897, 53.60373], [-1.42157, 53.60321], [-1.42873, 53.60503], [-1.42945, 53.60555], [-1.4292, 53.6066], [-1.43287, 53.60894], [-1.43557, 53.60806], [-1.43662, 53.60657], [-1.43925, 53.60706], [-1.44244, 53.60978], [-1.44475, 53.61059], [-1.44681, 53.6128], [-1.45607, 53.60744], [-1.47302, 53.6008], [-1.4741, 53.60133], [-1.475, 53.59997], [-1.47851, 53.59827], [-1.47929, 53.59688], [-1.48383, 53.59481], [-1.4851, 53.59695], [-1.48939, 53.59618], [-1.49197, 53.59679], [-1.49286, 53.59876], [-1.49154, 53.60273], [-1.49507, 53.60317], [-1.49656, 53.59736], [-1.50148, 53.59986], [-1.50721, 53.5977], [-1.50805, 53.59827], [-1.5104, 53.59747], [-1.5098, 53.59699], [-1.51288, 53.59697], [-1.51632, 53.59771], [-1.51869, 53.5997], [-1.52838, 53.59696], [-1.52988, 53.59405], [-1.53107, 53.59379], [-1.53027, 53.59332], [-1.53079, 53.59313], [-1.53629, 53.59368], [-1.53661, 53.59526], [-1.53787, 53.59522], [-1.53978, 53.59654], [-1.53987, 53.59748], [-1.54182, 53.59827], [-1.54152, 53.59873], [-1.54472, 53.59949], [-1.54672, 53.60235], [-1.54765, 53.60238], [-1.54736, 53.60319], [-1.55717, 53.6052], [-1.56047, 53.60756], [-1.56344, 53.60767], [-1.56616, 53.60668], [-1.57193, 53.60859], [-1.58189, 53.60578], [-1.58454, 53.6059], [-1.58645, 53.60716], [-1.58672, 53.61032], [-1.59183, 53.61459], [-1.59465, 53.61557], [-1.59422, 53.61608], [-1.59575, 53.61686], [-1.6007, 53.61816], [-1.60231, 53.61741], [-1.60252, 53.61813], [-1.60758, 53.61963], [-1.60825, 53.62152], [-1.61369, 53.62465], [-1.61451, 53.62592], [-1.6103, 53.628], [-1.61567, 53.63024], [-1.61559, 53.63185], [-1.61219, 53.63268], [-1.61585, 53.63472], [-1.61728, 53.63775], [-1.61944, 53.63912], [-1.62212, 53.63736], [-1.6237, 53.63935], [-1.62278, 53.64214], [-1.62073, 53.64367], [-1.61924, 53.64636], [-1.62484, 53.65358], [-1.6242, 53.65406], [-1.62163, 53.65461], [-1.62126, 53.65535], [-1.59848, 53.65839], [-1.59529, 53.65981], [-1.59256, 53.65907], [-1.59186, 53.66077], [-1.59035, 53.66103], [-1.59125, 53.66286], [-1.59946, 53.66761], [-1.60288, 53.6692], [-1.60666, 53.66921], [-1.60844, 53.67092], [-1.60752, 53.67196], [-1.60802, 53.67242], [-1.61394, 53.67365], [-1.61467, 53.6746], [-1.61518, 53.67725], [-1.6051, 53.6794], [-1.60224, 53.68393], [-1.59883, 53.68364], [-1.59591, 53.68675], [-1.59196, 53.68934], [-1.59222, 53.6915], [-1.60261, 53.69215], [-1.60202, 53.69267], [-1.60264, 53.69338], [-1.6022, 53.69617], [-1.59832, 53.69974], [-1.59589, 53.70061], [-1.59511, 53.69999], [-1.58966, 53.70234], [-1.57646, 53.70461], [-1.57113, 53.70642], [-1.56636, 53.70408], [-1.56472, 53.70277], [-1.56503, 53.70218], [-1.55926, 53.69898], [-1.55502, 53.70316], [-1.55395, 53.70241], [-1.5521, 53.70545], [-1.54712, 53.71017], [-1.54064, 53.71313], [-1.53399, 53.7148], [-1.5325, 53.71632], [-1.51736, 53.72465], [-1.51054, 53.72968], [-1.50558, 53.72911], [-1.50596, 53.72706], [-1.50324, 53.72723], [-1.50193, 53.7258], [-1.50438, 53.72497], [-1.49581, 53.72232], [-1.49186, 53.72213], [-1.48928, 53.723], [-1.48795, 53.72772], [-1.46189, 53.72799], [-1.4574, 53.72719], [-1.45462, 53.72805], [-1.44346, 53.72816], [-1.43467, 53.72565], [-1.42825, 53.72132], [-1.42309, 53.72351], [-1.41968, 53.72209], [-1.41198, 53.72309], [-1.39895, 53.71937], [-1.39735, 53.72017], [-1.39616, 53.72274], [-1.39448, 53.72376], [-1.38171, 53.72661], [-1.37607, 53.72948], [-1.36795, 53.7296], [-1.36102, 53.73192], [-1.35648, 53.73151], [-1.34008, 53.73634], [-1.33336, 53.73565], [-1.32806, 53.73658], [-1.32308, 53.73481], [-1.32025, 53.73567], [-1.31379, 53.74094], [-1.3116, 53.74098], [-1.3082, 53.73909], [-1.30204, 53.74171], [-1.29974, 53.74163], [-1.29647, 53.73958], [-1.29366, 53.73934]]]}}, {"type": "Feature", "properties": {"name": "Barnsley", "county": "South Yorkshire"}, "geometry": {"type": "Polygon", "coordinates": [[[-1.44681, 53.6128], [-1.44475, 53.61059], [-1.44244, 53.60978], [-1.43925, 53.60706], [-1.43662, 53.60657], [-1.43557, 53.60806], [-1.43287, 53.60894], [-1.4292, 53.6066], [-1.42945, 53.60555], [-1.42873, 53.60503], [-1.42157, 53.60321], [-1.41897, 53.60373], [-1.41517, 53.60318], [-1.41281, 53.6013], [-1.40722, 53.60138], [-1.4053, 53.60042], [-1.40187, 53.60024], [-1.40021, 53.59864], [-1.38397, 53.6038], [-1.37895, 53.6066], [-1.36943, 53.60418], [-1.36386, 53.6017], [-1.36023, 53.59861], [-1.3599, 53.59678], [-1.35616, 53.59535], [-1.35463, 53.59203], [-1.35642, 53.58915], [-1.35386, 53.58338], [-1.35143, 53.58106], [-1.34863, 53.58332], [-1.34762, 53.58325], [-1.34746, 53.57972], [-1.34476, 53.57779], [-1.34563, 53.57691], [-1.3372, 53.56729], [-1.33073, 53.56155], [-1.32774, 53.55986], [-1.32672, 53.55811], [-1.32264, 53.55734], [-1.32017, 53.55815], [-1.31745, 53.55764], [-1.31513, 53.55616], [-1.30417, 53.55478], [-1.29739, 53.5513], [-1.29365, 53.54695], [-1.28851, 53.54374], [-1.28781, 53.54105], [-1.28937, 53.54068], [-1.28701, 53.53769], [-1.29386, 53.53583], [-1.28959, 53.53403], [-1.28782, 53.53215], [-1.28532, 53.53281], [-1.28457, 53.53234], [-1.28498, 53.53141], [-1.28378, 53.53051], [-1.28131, 53.53146], [-1.27617, 53.53035], [-1.27592, 53.52808], [-1.2814, 53.52893], [-1.28313, 53.52722], [-1.28532, 53.52784], [-1.28614, 53.5267], [-1.27653, 53.52058], [-1.28119, 53.51653], [-1.28278, 53.5165], [-1.28316, 53.51568], [-1.28634, 53.51455], [-1.28879, 53.51574], [-1.29935, 53.51514], [-1.31034, 53.51277], [-1.31138, 53.51283], [-1.31152, 53.51372], [-1.31528, 53.51283], [-1.32071, 53.5139], [-1.32604, 53.51234], [-1.33033, 53.51465], [-1.34118, 53.51478], [-1.35998, 53.51297], [-1.36893, 53.51521], [-1.36936, 53.51435], [-1.37925, 53.5144], [-1.39699, 53.50568], [-1.3964, 53.50522], [-1.40561, 53.5048], [-1.40549, 53.50428], [-1.40851, 53.50328], [-1.41196, 53.49924], [-1.40958, 53.49844], [-1.4107, 53.49688], [-1.41627, 53.49452], [-1.41669, 53.49356], [-1.41503, 53.49247], [-1.41971, 53.49122], [-1.41986, 53.48985], [-1.42271, 53.49026], [-1.42402, 53.4897], [-1.42786, 53.48583], [-1.44095, 53.49113], [-1.44369, 53.4884], [-1.45216, 53.48502], [-1.45074, 53.48203], [-1.45033, 53.47764], [-1.45672, 53.47357], [-1.4552, 53.47175], [-1.45649, 53.47194], [-1.46335, 53.47777], [-1.47798, 53.48008], [-1.48457, 53.48478], [-1.48905, 53.48641], [-1.49472, 53.48631], [-1.49528, 53.48514], [-1.4945, 53.481], [-1.50643, 53.47015], [-1.50766, 53.46824], [-1.50737, 53.4666], [-1.51172, 53.46575], [-1.51481, 53.46365], [-1.51494, 53.4618], [-1.51633, 53.46061], [-1.51503, 53.45962], [-1.51813, 53.45723], [-1.51313, 53.45147], [-1.51845, 53.44933], [-1.52079, 53.44451], [-1.52329, 53.44308], [-1.52387, 53.44134], [-1.52649, 53.43901], [-1.5319, 53.43828], [-1.534, 53.43862], [-1.53508, 53.43994], [-1.53743, 53.44083], [-1.54591, 53.44174], [-1.54828, 53.44492], [-1.55114, 53.4461], [-1.55041, 53.44759], [-1.54736, 53.44986], [-1.55252, 53.45278], [-1.55138, 53.45544], [-1.54042, 53.4561], [-1.54053, 53.457], [-1.53931, 53.45778], [-1.54021, 53.46106], [-1.5391, 53.46168], [-1.54183, 53.46433], [-1.54439, 53.46883], [-1.54812, 53.47131], [-1.54368, 53.47264], [-1.54657, 53.47461], [-1.54963, 53.4785], [-1.55737, 53.48028], [-1.55811, 53.48269], [-1.55937, 53.48358], [-1.56509, 53.48489], [-1.56633, 53.48564], [-1.56601, 53.48606], [-1.57636, 53.48614], [-1.58724, 53.48819], [-1.59281, 53.49051], [-1.60231, 53.49155], [-1.60662, 53.49287], [-1.60934, 53.4917], [-1.61196, 53.49333], [-1.61448, 53.4931], [-1.61498, 53.4906], [-1.6223, 53.49217], [-1.63383, 53.49237], [-1.64806, 53.49479], [-1.65951, 53.4985], [-1.66927, 53.50063], [-1.68032, 53.50049], [-1.68406, 53.49884], [-1.68446, 53.49944], [-1.6888, 53.49908], [-1.70113, 53.50312], [-1.70297, 53.5029], [-1.7033, 53.50185], [-1.70531, 53.50115], [-1.7061, 53.50173], [-1.71118, 53.50119], [-1.71282, 53.49962], [-1.71249, 53.49857], [-1.71403, 53.49791], [-1.7137, 53.49664], [-1.71566, 53.49548], [-1.71605, 53.49411], [-1.71981, 53.49247], [-1.72157, 53.49263], [-1.72143, 53.49196], [-1.72284, 53.49154], [-1.73181, 53.49103], [-1.73541, 53.48662], [-1.7377, 53.48157], [-1.7366, 53.48076], [-1.7364, 53.47933], [-1.73871, 53.47714], [-1.74333, 53.47932], [-1.74631, 53.47898], [-1.75746, 53.48103], [-1.76599, 53.48106], [-1.78365, 53.48478], [-1.78726, 53.48436], [-1.79197, 53.48197], [-1.80147, 53.48098], [-1.80186, 53.48653], [-1.80025, 53.48809], [-1.80026, 53.49334], [-1.79585, 53.49427], [-1.795, 53.4959], [-1.79629, 53.50314], [-1.79903, 53.50465], [-1.8104, 53.50632], [-1.80078, 53.51136], [-1.8136, 53.51208], [-1.81952, 53.51341], [-1.82079, 53.51849], [-1.82259, 53.52], [-1.82223, 53.52108], [-1.80428, 53.537], [-1.79985, 53.53449], [-1.79703, 53.53388], [-1.7886, 53.53554], [-1.78544, 53.53478], [-1.77681, 53.53549], [-1.77178, 53.53384], [-1.76557, 53.53561], [-1.75585, 53.53669], [-1.74158, 53.54108], [-1.73016, 53.54675], [-1.72746, 53.55017], [-1.72447, 53.55221], [-1.7264, 53.5545], [-1.72533, 53.55532], [-1.72322, 53.55993], [-1.70413, 53.56023], [-1.69904, 53.55379], [-1.6706, 53.55414], [-1.66953, 53.55322], [-1.66191, 53.55368], [-1.66175, 53.55581], [-1.66393, 53.55749], [-1.66087, 53.55958], [-1.65928, 53.55979], [-1.65852, 53.55887], [-1.65656, 53.56054], [-1.65171, 53.56074], [-1.64892, 53.56198], [-1.62701, 53.56358], [-1.62228, 53.56281], [-1.6157, 53.56303], [-1.61641, 53.56451], [-1.61445, 53.56501], [-1.61304, 53.56643], [-1.60967, 53.57208], [-1.60716, 53.57154], [-1.60626, 53.57289], [-1.5962, 53.57697], [-1.60024, 53.57739], [-1.59953, 53.5791], [-1.59805, 53.57976], [-1.60079, 53.58123], [-1.60232, 53.58306], [-1.60248, 53.58495], [-1.60051, 53.5863], [-1.60174, 53.58775], [-1.59957, 53.58928], [-1.59109, 53.59236], [-1.58963, 53.59389], [-1.58799, 53.59351], [-1.58652, 53.59697], [-1.58644, 53.59998], [-1.5852, 53.60022], [-1.58694, 53.60378], [-1.58785, 53.60359], [-1.59112, 53.60678], [-1.58998, 53.6071], [-1.58822, 53.6065], [-1.58645, 53.60716], [-1.58355, 53.60565], [-1.57193, 53.60859], [-1.56616, 53.60668], [-1.56344, 53.60767], [-1.56047, 53.60756], [-1.55717, 53.6052], [-1.54736, 53.60319], [-1.54765, 53.60238], [-1.54672, 53.60235], [-1.54472, 53.59949], [-1.54152, 53.59873], [-1.54182, 53.59827], [-1.53987, 53.59748], [-1.53978, 53.59654], [-1.53787, 53.59522], [-1.53661, 53.59526], [-1.53629, 53.59368], [-1.53079, 53.59313], [-1.53027, 53.59332], [-1.53107, 53.59379], [-1.52988, 53.59405], [-1.52838, 53.59696], [-1.51869, 53.5997], [-1.51632, 53.59771], [-1.51288, 53.59697], [-1.5098, 53.59699], [-1.5104, 53.59747], [-1.50805, 53.59827], [-1.50721, 53.5977], [-1.50148, 53.59986], [-1.49656, 53.59736], [-1.49507, 53.60317], [-1.49154, 53.60273], [-1.49286, 53.59876], [-1.49197, 53.59679], [-1.48939, 53.59618], [-1.4851, 53.59695], [-1.48383, 53.59481], [-1.47929, 53.59688], [-1.47851, 53.59827], [-1.475, 53.59997], [-1.4741, 53.60133], [-1.47302, 53.6008], [-1.45607, 53.60744], [-1.44681, 53.6128]]]}}, {"type": "Feature", "properties": {"name": "Doncaster", "county": "South Yorkshire"}, "geometry": {"type": "Polygon", "coordinates": [[[-0.99256, 53.65559], [-0.99218, 53.65427], [-0.9905, 53.6529], [-0.99142, 53.65078], [-0.98918, 53.64766], [-0.98924, 53.64514], [-0.98456, 53.63766], [-0.98448, 53.63342], [-0.98189, 53.62408], [-0.98326, 53.62078], [-0.98684, 53.61704], [-0.99562, 53.61214], [-1.01794, 53.60698], [-1.0211, 53.60556], [-1.0287, 53.60431], [-1.03315, 53.60176], [-1.04014, 53.60211], [-1.05219, 53.60163], [-1.06472, 53.59625], [-1.07159, 53.59464], [-1.07564, 53.59586], [-1.08717, 53.59475], [-1.09118, 53.59213], [-1.09106, 53.59077], [-1.08833, 53.58823], [-1.08634, 53.58712], [-1.08536, 53.58517], [-1.08297, 53.58344], [-1.08135, 53.57187], [-1.08325, 53.56896], [-1.08167, 53.57061], [-1.08276, 53.56717], [-1.08515, 53.56573], [-1.08833, 53.56544], [-1.09145, 53.56357], [-1.09145, 53.56166], [-1.09035, 53.55849], [-1.09294, 53.55354], [-1.09014, 53.55809], [-1.09119, 53.56343], [-1.08796, 53.56533], [-1.08488, 53.56559], [-1.08272, 53.56671], [-1.08095, 53.57163], [-1.08265, 53.58349], [-1.08485, 53.585], [-1.08606, 53.58721], [-1.09035, 53.59016], [-1.09085, 53.59205], [-1.08623, 53.59469], [-1.07574, 53.59551], [-1.07199, 53.5943], [-1.06354, 53.59635], [-1.05206, 53.60138], [-1.03312, 53.60151], [-1.02812, 53.60419], [-1.0208, 53.60532], [-1.01805, 53.60672], [-0.99583, 53.61181], [-0.99087, 53.61398], [-0.98642, 53.61693], [-0.98281, 53.62083], [-0.98143, 53.62388], [-0.98395, 53.63344], [-0.98415, 53.63797], [-0.9885, 53.64473], [-0.98867, 53.64784], [-0.99074, 53.65045], [-0.98989, 53.65289], [-0.99192, 53.65569], [-0.98998, 53.65896], [-0.95779, 53.65851], [-0.94684, 53.65912], [-0.86533, 53.63769], [-0.88699, 53.60967], [-0.88705, 53.60081], [-0.89792, 53.58326], [-0.89623, 53.5829], [-0.90111, 53.5687], [-0.89099, 53.56654], [-0.89186, 53.56529], [-0.89431, 53.56556], [-0.9003, 53.55564], [-0.9005, 53.54961], [-0.90126, 53.54789], [-0.89983, 53.54446], [-0.89559, 53.54204], [-0.89226, 53.53757], [-0.89807, 53.53274], [-0.90819, 53.53365], [-0.92526, 53.53258], [-0.93433, 53.53002], [-0.94371, 53.53062], [-0.94654, 53.52732], [-0.94605, 53.52717], [-0.94847, 53.52035], [-0.94791, 53.5195], [-0.95001, 53.51364], [-0.93209, 53.51065], [-0.93536, 53.5027], [-0.95326, 53.4844], [-0.97687, 53.47516], [-0.98162, 53.4747], [-0.98598, 53.47165], [-0.9833, 53.46802], [-0.98555, 53.46133], [-0.99364, 53.45294], [-0.99118, 53.4517], [-0.99431, 53.44892], [-0.99482, 53.44708], [-0.99752, 53.44363], [-0.99713, 53.44246], [-0.99848, 53.43882], [-0.99592, 53.43784], [-0.99567, 53.43691], [-1.00509, 53.43378], [-1.00868, 53.43388], [-1.00989, 53.4328], [-1.01246, 53.43278], [-1.01253, 53.4307], [-1.01435, 53.42628], [-1.02243, 53.42629], [-1.02317, 53.42449], [-1.03051, 53.42518], [-1.02884, 53.42927], [-1.03071, 53.4299], [-1.03095, 53.43096], [-1.04026, 53.42974], [-1.05577, 53.42529], [-1.06786, 53.4277], [-1.07327, 53.42804], [-1.07467, 53.42729], [-1.08044, 53.42685], [-1.07898, 53.42354], [-1.07912, 53.42279], [-1.0812, 53.42257], [-1.08333, 53.42297], [-1.08487, 53.42484], [-1.08705, 53.42552], [-1.09874, 53.41872], [-1.10823, 53.40586], [-1.11596, 53.40733], [-1.1157, 53.4097], [-1.11803, 53.41094], [-1.11889, 53.41022], [-1.13335, 53.40874], [-1.13373, 53.40991], [-1.13605, 53.41086], [-1.14587, 53.41228], [-1.14352, 53.41807], [-1.13562, 53.42407], [-1.13675, 53.42513], [-1.14585, 53.42637], [-1.1604, 53.42432], [-1.16284, 53.42791], [-1.16666, 53.43092], [-1.17012, 53.43522], [-1.17421, 53.43542], [-1.18581, 53.43376], [-1.18592, 53.43525], [-1.19305, 53.43565], [-1.19292, 53.43627], [-1.1951, 53.4371], [-1.19642, 53.43564], [-1.19566, 53.43292], [-1.19734, 53.43158], [-1.20699, 53.43174], [-1.21639, 53.43506], [-1.22324, 53.4336], [-1.23806, 53.43276], [-1.2402, 53.43456], [-1.23734, 53.44116], [-1.25076, 53.44074], [-1.25069, 53.44154], [-1.25195, 53.44148], [-1.25373, 53.44306], [-1.25381, 53.44542], [-1.25178, 53.44871], [-1.25531, 53.4507], [-1.25823, 53.45533], [-1.2569, 53.45604], [-1.25214, 53.45447], [-1.25314, 53.45586], [-1.25642, 53.45718], [-1.25716, 53.45901], [-1.2588, 53.45947], [-1.25932, 53.46422], [-1.25528, 53.47215], [-1.25154, 53.47441], [-1.24994, 53.47689], [-1.25472, 53.48119], [-1.25649, 53.48096], [-1.26973, 53.48587], [-1.27357, 53.48393], [-1.27307, 53.48363], [-1.27392, 53.48268], [-1.27529, 53.48281], [-1.28001, 53.4803], [-1.27936, 53.47953], [-1.28091, 53.4784], [-1.2821, 53.47888], [-1.28154, 53.47964], [-1.29504, 53.47657], [-1.29701, 53.47515], [-1.29867, 53.4757], [-1.29847, 53.47651], [-1.29669, 53.47733], [-1.29709, 53.47908], [-1.29599, 53.4805], [-1.29852, 53.48165], [-1.29865, 53.48309], [-1.30087, 53.48254], [-1.30133, 53.48345], [-1.29968, 53.48458], [-1.29319, 53.48574], [-1.29279, 53.48644], [-1.29393, 53.48769], [-1.29224, 53.48863], [-1.29267, 53.48973], [-1.29101, 53.49057], [-1.28922, 53.4904], [-1.28906, 53.49102], [-1.29934, 53.49309], [-1.3099, 53.49781], [-1.31349, 53.50301], [-1.3111, 53.51178], [-1.31257, 53.51372], [-1.31034, 53.51277], [-1.29935, 53.51514], [-1.28879, 53.51574], [-1.28634, 53.51455], [-1.28316, 53.51568], [-1.28278, 53.5165], [-1.28119, 53.51653], [-1.27653, 53.52058], [-1.28614, 53.5267], [-1.28532, 53.52784], [-1.28313, 53.52722], [-1.2814, 53.52893], [-1.27592, 53.52808], [-1.27579, 53.52977], [-1.28031, 53.53142], [-1.28378, 53.53051], [-1.28498, 53.53141], [-1.28457, 53.53234], [-1.28532, 53.53281], [-1.28782, 53.53215], [-1.28959, 53.53403], [-1.29386, 53.53583], [-1.28701, 53.53769], [-1.28937, 53.54068], [-1.28781, 53.54105], [-1.28851, 53.54374], [-1.29365, 53.54695], [-1.29739, 53.5513], [-1.30417, 53.55478], [-1.31513, 53.55616], [-1.31745, 53.55764], [-1.32017, 53.55815], [-1.32264, 53.55734], [-1.32672, 53.55811], [-1.32774, 53.55986], [-1.33073, 53.56155], [-1.3372, 53.56729], [-1.34563, 53.57691], [-1.3449, 53.57815], [-1.34746, 53.57972], [-1.34723, 53.58232], [-1.34762, 53.58325], [-1.34863, 53.58332], [-1.34765, 53.58419], [-1.34636, 53.58398], [-1.33625, 53.58102], [-1.33367, 53.57954], [-1.32212, 53.57958], [-1.31845, 53.57747], [-1.30794, 53.57539], [-1.2968, 53.57799], [-1.29453, 53.5793], [-1.28824, 53.58074], [-1.28599, 53.58238], [-1.28226, 53.58306], [-1.27781, 53.58604], [-1.27947, 53.58754], [-1.27669, 53.58995], [-1.26829, 53.58953], [-1.26606, 53.58978], [-1.26422, 53.59131], [-1.2629, 53.59079], [-1.25808, 53.59198], [-1.25697, 53.59284], [-1.25808, 53.5949], [-1.25301, 53.59713], [-1.25496, 53.59694], [-1.25741, 53.59808], [-1.2555, 53.59888], [-1.25789, 53.59836], [-1.25839, 53.59874], [-1.2577, 53.59983], [-1.25026, 53.60114], [-1.24986, 53.60066], [-1.251, 53.60047], [-1.25057, 53.5998], [-1.24722, 53.60074], [-1.25054, 53.60385], [-1.2522, 53.6071], [-1.2448, 53.60812], [-1.24818, 53.61628], [-1.24413, 53.61708], [-1.22906, 53.61686], [-1.22789, 53.61733], [-1.22922, 53.61887], [-1.23109, 53.61889], [-1.23284, 53.62109], [-1.21747, 53.62421], [-1.21736, 53.62909], [-1.21847, 53.63316], [-1.21963, 53.63447], [-1.21938, 53.63667], [-1.2186, 53.6366], [-1.21768, 53.64018], [-1.2163, 53.64], [-1.21564, 53.64196], [-1.21089, 53.64094], [-1.20982, 53.64315], [-1.20532, 53.64259], [-1.19846, 53.64023], [-1.19723, 53.63895], [-1.19452, 53.63809], [-1.19369, 53.63637], [-1.19031, 53.6359], [-1.17445, 53.63816], [-1.16777, 53.64079], [-1.16138, 53.64176], [-1.15879, 53.64341], [-1.15229, 53.64276], [-1.14966, 53.6388], [-1.14574, 53.63853], [-1.14351, 53.63633], [-1.14012, 53.6356], [-1.1389, 53.63345], [-1.1354, 53.63271], [-1.12887, 53.63493], [-1.12707, 53.63854], [-1.12899, 53.64297], [-1.125, 53.64396], [-1.12174, 53.6467], [-1.11934, 53.64683], [-1.11605, 53.64578], [-1.11383, 53.64689], [-1.09512, 53.64997], [-1.09046, 53.64985], [-1.08481, 53.65171], [-1.07117, 53.64892], [-1.06607, 53.64887], [-1.05327, 53.65152], [-1.05171, 53.65251], [-1.05048, 53.65493], [-1.04634, 53.6567], [-1.04128, 53.65601], [-1.03722, 53.65448], [-1.02936, 53.65495], [-1.01899, 53.65796], [-0.99881, 53.65867], [-0.991, 53.66117], [-0.99061, 53.65855], [-0.99256, 53.65559]]]}}, {"type": "Feature", "properties": {"name": "Rotherham", "county": "South Yorkshire"}, "geometry": {"type": "Polygon", "coordinates": [[[-1.36652, 53.51483], [-1.35998, 53.51297], [-1.34118, 53.51478], [-1.33033, 53.51465], [-1.32604, 53.51234], [-1.32071, 53.5139], [-1.31528, 53.51283], [-1.31257, 53.51372], [-1.3111, 53.51178], [-1.31349, 53.50301], [-1.3099, 53.49781], [-1.29934, 53.49309], [-1.28906, 53.49102], [-1.28922, 53.4904], [-1.29101, 53.49057], [-1.29267, 53.48973], [-1.29224, 53.48863], [-1.29393, 53.48769], [-1.29279, 53.48644], [-1.29319, 53.48574], [-1.29968, 53.48458], [-1.30133, 53.48345], [-1.30087, 53.48254], [-1.29865, 53.48309], [-1.29852, 53.48165], [-1.29599, 53.4805], [-1.29709, 53.47908], [-1.29669, 53.47733], [-1.29847, 53.47651], [-1.29867, 53.4757], [-1.29701, 53.47515], [-1.29504, 53.47657], [-1.28154, 53.47964], [-1.2821, 53.47888], [-1.28091, 53.4784], [-1.27936, 53.47953], [-1.28001, 53.4803], [-1.27529, 53.48281], [-1.27392, 53.48268], [-1.27307, 53.48363], [-1.27357, 53.48393], [-1.26973, 53.48587], [-1.25649, 53.48096], [-1.25472, 53.48119], [-1.24994, 53.47689], [-1.25154, 53.47441], [-1.25528, 53.47215], [-1.25932, 53.46422], [-1.2588, 53.45947], [-1.25716, 53.45901], [-1.25642, 53.45718], [-1.25314, 53.45586], [-1.25214, 53.45447], [-1.2569, 53.45604], [-1.25823, 53.45533], [-1.25531, 53.4507], [-1.25178, 53.44871], [-1.25381, 53.44542], [-1.25373, 53.44306], [-1.25195, 53.44148], [-1.25069, 53.44154], [-1.25076, 53.44074], [-1.23734, 53.44116], [-1.2402, 53.43456], [-1.23806, 53.43276], [-1.22324, 53.4336], [-1.21639, 53.43506], [-1.20699, 53.43174], [-1.19734, 53.43158], [-1.19566, 53.43292], [-1.19642, 53.43564], [-1.1951, 53.4371], [-1.19292, 53.43627], [-1.19305, 53.43565], [-1.18592, 53.43525], [-1.18581, 53.43376], [-1.17421, 53.43542], [-1.17012, 53.43522], [-1.16666, 53.43092], [-1.16284, 53.42791], [-1.1604, 53.42432], [-1.14585, 53.42637], [-1.13675, 53.42513], [-1.13562, 53.42407], [-1.14352, 53.41807], [-1.14587, 53.41228], [-1.13605, 53.41086], [-1.13373, 53.40991], [-1.13335, 53.40874], [-1.11889, 53.41022], [-1.11803, 53.41094], [-1.11602, 53.41012], [-1.11514, 53.40184], [-1.11558, 53.39717], [-1.12281, 53.39829], [-1.12921, 53.39358], [-1.13151, 53.39392], [-1.13469, 53.38975], [-1.13131, 53.38954], [-1.13095, 53.38554], [-1.13244, 53.38396], [-1.13305, 53.38158], [-1.1305, 53.37887], [-1.13099, 53.37796], [-1.13, 53.37755], [-1.13054, 53.37555], [-1.13366, 53.37485], [-1.13414, 53.37321], [-1.14074, 53.372], [-1.14046, 53.37124], [-1.1414, 53.37069], [-1.14492, 53.37123], [-1.14603, 53.36902], [-1.14421, 53.36825], [-1.14422, 53.36736], [-1.14644, 53.36571], [-1.14642, 53.36393], [-1.14518, 53.36336], [-1.14055, 53.36404], [-1.13898, 53.36137], [-1.13854, 53.35589], [-1.1491, 53.35433], [-1.15169, 53.35447], [-1.16195, 53.35789], [-1.16262, 53.35672], [-1.16162, 53.35568], [-1.16242, 53.35159], [-1.15987, 53.34995], [-1.1601, 53.34892], [-1.15815, 53.34768], [-1.15684, 53.34495], [-1.14818, 53.34519], [-1.14155, 53.34678], [-1.14029, 53.34651], [-1.13872, 53.34136], [-1.14542, 53.34071], [-1.14862, 53.33849], [-1.15938, 53.33349], [-1.16087, 53.3311], [-1.16388, 53.32926], [-1.1689, 53.32822], [-1.17148, 53.3265], [-1.17219, 53.3269], [-1.17511, 53.32566], [-1.17531, 53.32449], [-1.17204, 53.32274], [-1.1747, 53.32263], [-1.17448, 53.32137], [-1.18042, 53.32103], [-1.18661, 53.31957], [-1.19032, 53.31991], [-1.19242, 53.31897], [-1.19437, 53.31484], [-1.19721, 53.31465], [-1.20303, 53.30721], [-1.20211, 53.30604], [-1.20324, 53.3042], [-1.2125, 53.30543], [-1.21988, 53.30406], [-1.23069, 53.30854], [-1.23682, 53.30632], [-1.24333, 53.30163], [-1.24788, 53.30267], [-1.25429, 53.30173], [-1.26415, 53.30538], [-1.26781, 53.3058], [-1.26964, 53.30908], [-1.2736, 53.31042], [-1.27643, 53.30919], [-1.28201, 53.30944], [-1.28531, 53.31159], [-1.29568, 53.31502], [-1.29473, 53.31525], [-1.29569, 53.31969], [-1.29516, 53.32177], [-1.29395, 53.32276], [-1.29011, 53.32312], [-1.28859, 53.32621], [-1.29538, 53.33034], [-1.2971, 53.33063], [-1.29907, 53.33251], [-1.3123, 53.33415], [-1.3115, 53.33209], [-1.30879, 53.33215], [-1.31051, 53.33189], [-1.31144, 53.33023], [-1.31054, 53.32933], [-1.31301, 53.32934], [-1.31368, 53.3273], [-1.31496, 53.3265], [-1.32161, 53.32548], [-1.3223, 53.32751], [-1.32476, 53.32707], [-1.32597, 53.34126], [-1.3286, 53.34894], [-1.3311, 53.34919], [-1.33068, 53.35106], [-1.33208, 53.3524], [-1.33538, 53.35191], [-1.33775, 53.3535], [-1.34037, 53.35844], [-1.35195, 53.36644], [-1.36107, 53.36655], [-1.36587, 53.37204], [-1.37985, 53.38108], [-1.38581, 53.38294], [-1.3914, 53.38327], [-1.38844, 53.38728], [-1.37703, 53.39226], [-1.37563, 53.39368], [-1.37915, 53.39679], [-1.37701, 53.39831], [-1.37745, 53.39925], [-1.38176, 53.40102], [-1.38301, 53.40345], [-1.38175, 53.40391], [-1.38212, 53.4051], [-1.38463, 53.40727], [-1.38689, 53.41083], [-1.39073, 53.41312], [-1.39178, 53.4151], [-1.38929, 53.41774], [-1.38948, 53.41859], [-1.39277, 53.41835], [-1.39359, 53.42], [-1.38243, 53.42103], [-1.37976, 53.42239], [-1.38018, 53.42367], [-1.38172, 53.42535], [-1.39619, 53.42382], [-1.39723, 53.42494], [-1.40358, 53.42296], [-1.40854, 53.42034], [-1.40971, 53.42141], [-1.40956, 53.42232], [-1.41139, 53.42326], [-1.41818, 53.42998], [-1.43333, 53.43827], [-1.44023, 53.44405], [-1.44313, 53.44759], [-1.44429, 53.45047], [-1.44368, 53.45567], [-1.44519, 53.45861], [-1.45672, 53.47357], [-1.45033, 53.47764], [-1.45074, 53.48203], [-1.45216, 53.48502], [-1.44369, 53.4884], [-1.44095, 53.49113], [-1.42786, 53.48583], [-1.42402, 53.4897], [-1.42271, 53.49026], [-1.41986, 53.48985], [-1.41971, 53.49122], [-1.41503, 53.49247], [-1.41669, 53.49356], [-1.41627, 53.49452], [-1.4107, 53.49688], [-1.40958, 53.49844], [-1.41196, 53.49924], [-1.40851, 53.50328], [-1.40549, 53.50428], [-1.40561, 53.5048], [-1.3964, 53.50522], [-1.39699, 53.50568], [-1.37925, 53.5144], [-1.36652, 53.51483]]]}}, {"type": "Feature", "properties": {"name": "Sheffield", "county": "South Yorkshire"}, "geometry": {"type": "Polygon", "coordinates": [[[-1.70113, 53.50312], [-1.69345, 53.50017], [-1.68899, 53.49964], [-1.6888, 53.49908], [-1.68446, 53.49944], [-1.68406, 53.49884], [-1.68032, 53.50049], [-1.66927, 53.50063], [-1.65951, 53.4985], [-1.64806, 53.49479], [-1.63383, 53.49237], [-1.6223, 53.49217], [-1.61498, 53.4906], [-1.61448, 53.4931], [-1.61196, 53.49333], [-1.60934, 53.4917], [-1.60662, 53.49287], [-1.60231, 53.49155], [-1.59281, 53.49051], [-1.58724, 53.48819], [-1.57636, 53.48614], [-1.56733, 53.48629], [-1.56601, 53.48606], [-1.56633, 53.48564], [-1.56509, 53.48489], [-1.56086, 53.48429], [-1.55811, 53.48269], [-1.55737, 53.48028], [-1.54963, 53.4785], [-1.54657, 53.47461], [-1.54368, 53.47264], [-1.54812, 53.47131], [-1.54439, 53.46883], [-1.54183, 53.46433], [-1.5391, 53.46168], [-1.54021, 53.46106], [-1.53931, 53.45778], [-1.54053, 53.457], [-1.54042, 53.4561], [-1.55138, 53.45544], [-1.55252, 53.45278], [-1.54736, 53.44986], [-1.55041, 53.44759], [-1.55114, 53.4461], [-1.54828, 53.44492], [-1.54591, 53.44174], [-1.53743, 53.44083], [-1.53294, 53.43832], [-1.52649, 53.43901], [-1.52387, 53.44134], [-1.52329, 53.44308], [-1.52079, 53.44451], [-1.51845, 53.44933], [-1.51313, 53.45147], [-1.51813, 53.45723], [-1.51503, 53.45962], [-1.51633, 53.46061], [-1.51494, 53.4618], [-1.51481, 53.46365], [-1.51172, 53.46575], [-1.50737, 53.4666], [-1.50766, 53.46824], [-1.50643, 53.47015], [-1.4945, 53.481], [-1.49528, 53.48514], [-1.49472, 53.48631], [-1.48905, 53.48641], [-1.48457, 53.48478], [-1.47798, 53.48008], [-1.46335, 53.47777], [-1.45649, 53.47194], [-1.4552, 53.47175], [-1.44519, 53.45861], [-1.44368, 53.45567], [-1.44429, 53.45047], [-1.44313, 53.44759], [-1.44023, 53.44405], [-1.43333, 53.43827], [-1.41818, 53.42998], [-1.41139, 53.42326], [-1.40956, 53.42232], [-1.40971, 53.42141], [-1.40854, 53.42034], [-1.40358, 53.42296], [-1.39723, 53.42494], [-1.39619, 53.42382], [-1.38172, 53.42535], [-1.37976, 53.42239], [-1.38243, 53.42103], [-1.39359, 53.42], [-1.39277, 53.41835], [-1.38948, 53.41859], [-1.38929, 53.41774], [-1.39178, 53.4151], [-1.39073, 53.41312], [-1.38689, 53.41083], [-1.38463, 53.40727], [-1.38212, 53.4051], [-1.38175, 53.40391], [-1.38301, 53.40345], [-1.38176, 53.40102], [-1.37745, 53.39925], [-1.37701, 53.39831], [-1.37915, 53.39679], [-1.37563, 53.39368], [-1.37703, 53.39226], [-1.38844, 53.38728], [-1.3914, 53.38327], [-1.38581, 53.38294], [-1.37985, 53.38108], [-1.36587, 53.37204], [-1.36107, 53.36655], [-1.35195, 53.36644], [-1.34037, 53.35844], [-1.33775, 53.3535], [-1.33538, 53.35191], [-1.33208, 53.3524], [-1.33068, 53.35106], [-1.3311, 53.34919], [-1.3286, 53.34894], [-1.32597, 53.34126], [-1.32467, 53.32879], [-1.3283, 53.32896], [-1.32877, 53.32768], [-1.32816, 53.32679], [-1.33242, 53.32348], [-1.33231, 53.32204], [-1.33456, 53.321], [-1.33658, 53.31795], [-1.33655, 53.31658], [-1.33767, 53.31585], [-1.34026, 53.31552], [-1.34163, 53.31606], [-1.34089, 53.31697], [-1.34724, 53.31885], [-1.35347, 53.31909], [-1.36178, 53.31847], [-1.36295, 53.31755], [-1.36192, 53.31575], [-1.36262, 53.31502], [-1.36545, 53.31586], [-1.37165, 53.31606], [-1.37413, 53.31723], [-1.38674, 53.31761], [-1.38993, 53.31849], [-1.39201, 53.32263], [-1.39043, 53.32606], [-1.39121, 53.32827], [-1.39073, 53.33162], [-1.38792, 53.3345], [-1.38723, 53.33408], [-1.38657, 53.33487], [-1.38882, 53.33643], [-1.3907, 53.33596], [-1.4064, 53.33938], [-1.40757, 53.34008], [-1.40679, 53.34083], [-1.40875, 53.34195], [-1.41103, 53.34197], [-1.41239, 53.34108], [-1.41303, 53.3396], [-1.41259, 53.33879], [-1.42087, 53.33455], [-1.42349, 53.33592], [-1.42779, 53.33613], [-1.43361, 53.33767], [-1.44087, 53.33635], [-1.44214, 53.33737], [-1.45081, 53.33155], [-1.45394, 53.3307], [-1.45988, 53.33067], [-1.45664, 53.32937], [-1.45828, 53.32871], [-1.45994, 53.32969], [-1.4617, 53.32843], [-1.46024, 53.32723], [-1.45659, 53.32628], [-1.45637, 53.32509], [-1.45431, 53.32426], [-1.45583, 53.32346], [-1.45522, 53.32185], [-1.45728, 53.32175], [-1.45726, 53.3207], [-1.45974, 53.31972], [-1.46322, 53.31977], [-1.46787, 53.31714], [-1.4796, 53.31931], [-1.47969, 53.3187], [-1.48472, 53.31873], [-1.4931, 53.31671], [-1.50072, 53.31588], [-1.50213, 53.31756], [-1.51049, 53.31603], [-1.51734, 53.31219], [-1.5212, 53.31284], [-1.52163, 53.31172], [-1.52579, 53.31208], [-1.52619, 53.31039], [-1.53122, 53.31063], [-1.53202, 53.30988], [-1.53184, 53.30873], [-1.53341, 53.30763], [-1.53312, 53.30621], [-1.53677, 53.30473], [-1.54166, 53.30465], [-1.54908, 53.30697], [-1.5504, 53.30621], [-1.55846, 53.3053], [-1.55794, 53.30574], [-1.56183, 53.30658], [-1.55969, 53.30823], [-1.55912, 53.30972], [-1.55575, 53.31153], [-1.55849, 53.3137], [-1.56018, 53.31368], [-1.56137, 53.3158], [-1.56226, 53.31578], [-1.56409, 53.31362], [-1.56609, 53.31355], [-1.5675, 53.31474], [-1.57391, 53.31336], [-1.57316, 53.31275], [-1.58054, 53.31172], [-1.58124, 53.31429], [-1.58301, 53.31571], [-1.57893, 53.31668], [-1.5849, 53.32157], [-1.5869, 53.32139], [-1.58677, 53.31991], [-1.59038, 53.31828], [-1.59909, 53.3113], [-1.5992, 53.3146], [-1.60067, 53.31566], [-1.60153, 53.31819], [-1.6092, 53.32265], [-1.61944, 53.31824], [-1.6255, 53.31641], [-1.62823, 53.31638], [-1.63273, 53.32082], [-1.62684, 53.32535], [-1.62792, 53.32583], [-1.62727, 53.32853], [-1.62209, 53.33166], [-1.62211, 53.33366], [-1.6168, 53.33637], [-1.61437, 53.33882], [-1.61214, 53.3416], [-1.6123, 53.3432], [-1.60158, 53.34259], [-1.59147, 53.34493], [-1.59055, 53.3459], [-1.61563, 53.35083], [-1.62561, 53.35204], [-1.63059, 53.35614], [-1.65788, 53.36416], [-1.66395, 53.36688], [-1.66271, 53.37315], [-1.66329, 53.37423], [-1.65353, 53.38484], [-1.65382, 53.39189], [-1.65472, 53.39301], [-1.66809, 53.39305], [-1.67298, 53.39693], [-1.68183, 53.40176], [-1.69452, 53.40114], [-1.70497, 53.40504], [-1.70397, 53.4058], [-1.70413, 53.40827], [-1.703, 53.41065], [-1.70385, 53.41262], [-1.70323, 53.41371], [-1.70395, 53.41489], [-1.70853, 53.41732], [-1.71088, 53.4175], [-1.71402, 53.41905], [-1.71832, 53.41941], [-1.72335, 53.4189], [-1.72995, 53.41597], [-1.73508, 53.41968], [-1.73976, 53.42097], [-1.74672, 53.42615], [-1.74626, 53.42777], [-1.74412, 53.42956], [-1.74427, 53.43128], [-1.74856, 53.43559], [-1.74973, 53.4391], [-1.74367, 53.445], [-1.74466, 53.44729], [-1.74428, 53.44843], [-1.74657, 53.45126], [-1.74666, 53.45549], [-1.74817, 53.45731], [-1.74708, 53.45792], [-1.74649, 53.4607], [-1.74526, 53.46198], [-1.74783, 53.46405], [-1.75215, 53.46491], [-1.7594, 53.46354], [-1.76844, 53.46475], [-1.7705, 53.46692], [-1.7762, 53.46831], [-1.77804, 53.47044], [-1.77797, 53.47246], [-1.77906, 53.4742], [-1.7857, 53.4757], [-1.79111, 53.47577], [-1.79532, 53.47838], [-1.79833, 53.47866], [-1.80147, 53.48098], [-1.79197, 53.48197], [-1.78726, 53.48436], [-1.78365, 53.48478], [-1.76599, 53.48106], [-1.75746, 53.48103], [-1.74631, 53.47898], [-1.74333, 53.47932], [-1.73871, 53.47714], [-1.7364, 53.47933], [-1.7366, 53.48076], [-1.7377, 53.48157], [-1.73541, 53.48662], [-1.73181, 53.49103], [-1.72284, 53.49154], [-1.72143, 53.49196], [-1.72157, 53.49263], [-1.71981, 53.49247], [-1.71605, 53.49411], [-1.71566, 53.49548], [-1.7137, 53.49664], [-1.71403, 53.49791], [-1.71249, 53.49857], [-1.71282, 53.49962], [-1.71118, 53.50119], [-1.7061, 53.50173], [-1.70531, 53.50115], [-1.7033, 53.50185], [-1.70297, 53.5029], [-1.70113, 53.50312]]]}}, {"type": "Feature", "properties": {"name": "East Riding of Yorkshire", "county": "East Riding of Yorkshire"}, "geometry": {"type": "MultiPolygon", "coordinates": [[[[-0.7265, 53.70414], [-0.70493, 53.70079], [-0.69849, 53.69763], [-0.69989, 53.69614], [-0.70559, 53.69677], [-0.70997, 53.69584], [-0.70562, 53.6966], [-0.69972, 53.69567], [-0.70073, 53.69001], [-0.7006, 53.68743], [-0.69995, 53.68698], [-0.70144, 53.68637], [-0.69978, 53.68675], [-0.69849, 53.68459], [-0.70143, 53.6837], [-0.70462, 53.68113], [-0.70245, 53.67747], [-0.71384, 53.67742], [-0.71517, 53.67829], [-0.71769, 53.67822], [-0.71799, 53.67997], [-0.72176, 53.67934], [-0.72362, 53.67789], [-0.7227, 53.67658], [-0.72319, 53.67371], [-0.73054, 53.67346], [-0.7466, 53.66959], [-0.74621, 53.66889], [-0.75493, 53.66639], [-0.75897, 53.66435], [-0.75324, 53.66268], [-0.77449, 53.65619], [-0.77446, 53.65787], [-0.76989, 53.66162], [-0.77213, 53.66405], [-0.7783, 53.66142], [-0.78874, 53.65919], [-0.80154, 53.65271], [-0.80324, 53.65096], [-0.80422, 53.64769], [-0.8058, 53.64634], [-0.81417, 53.64339], [-0.81657, 53.64482], [-0.82009, 53.64514], [-0.82088, 53.64385], [-0.82715, 53.64272], [-0.82915, 53.64322], [-0.82962, 53.64188], [-0.83352, 53.64077], [-0.84121, 53.63549], [-0.84826, 53.63302], [-0.94684, 53.65912], [-0.95779, 53.65851], [-0.98998, 53.65896], [-0.99101, 53.67356], [-0.94608, 53.67932], [-0.88545, 53.69436], [-0.86674, 53.69623], [-0.86043, 53.68909], [-0.86134, 53.68884], [-0.86031, 53.68897], [-0.85642, 53.68575], [-0.85033, 53.68476], [-0.84307, 53.6867], [-0.82509, 53.70016], [-0.81188, 53.70433], [-0.80594, 53.70437], [-0.79901, 53.7029], [-0.78436, 53.69603], [-0.77504, 53.69468], [-0.76686, 53.69598], [-0.74625, 53.7033], [-0.7265, 53.70414]]], [[[-0.8607, 53.72374], [-0.86431, 53.7235], [-0.86173, 53.72624], [-0.85931, 53.72528], [-0.8607, 53.72374]]], [[[-0.84698, 53.7253], [-0.84413, 53.71672], [-0.8441, 53.71169], [-0.84493, 53.71018], [-0.84718, 53.70857], [-0.85948, 53.70575], [-0.86408, 53.70378], [-0.86692, 53.70136], [-0.86693, 53.69779], [-0.86776, 53.69746], [-0.86638, 53.69663], [-0.86959, 53.69706], [-0.88591, 53.69467], [-0.94611, 53.67982], [-0.99161, 53.67397], [-0.99223, 53.67273], [-0.991, 53.66117], [-0.99881, 53.65867], [-1.01899, 53.65796], [-1.02936, 53.65495], [-1.03722, 53.65448], [-1.04449, 53.65674], [-1.04866, 53.65604], [-1.051, 53.65754], [-1.05754, 53.65761], [-1.06023, 53.65925], [-1.06187, 53.65919], [-1.06328, 53.65746], [-1.0679, 53.65726], [-1.07119, 53.65789], [-1.07106, 53.66], [-1.0788, 53.66044], [-1.08564, 53.66237], [-1.08877, 53.66446], [-1.08701, 53.66658], [-1.09152, 53.66866], [-1.10357, 53.66954], [-1.10199, 53.67438], [-1.09748, 53.67527], [-1.08732, 53.6833], [-1.08106, 53.68457], [-1.08068, 53.68526], [-1.08501, 53.68694], [-1.07635, 53.69673], [-1.07816, 53.69774], [-1.07493, 53.70398], [-1.0697, 53.70286], [-1.06893, 53.70396], [-1.06313, 53.70655], [-1.06145, 53.7065], [-1.05421, 53.70135], [-1.05394, 53.69679], [-1.05223, 53.6966], [-1.04597, 53.6985], [-1.04216, 53.69661], [-1.04038, 53.69423], [-1.03902, 53.69367], [-1.03393, 53.69626], [-1.02212, 53.69786], [-1.01154, 53.69677], [-1.00683, 53.69509], [-1.00403, 53.69619], [-1.00253, 53.69836], [-1.00095, 53.69867], [-0.99454, 53.69722], [-0.98058, 53.69669], [-0.97962, 53.69744], [-0.98201, 53.69911], [-0.98308, 53.70274], [-0.98232, 53.704], [-0.98042, 53.70481], [-0.96795, 53.70652], [-0.96666, 53.70565], [-0.96667, 53.70453], [-0.97031, 53.7031], [-0.97041, 53.70215], [-0.96665, 53.70043], [-0.96253, 53.70053], [-0.96188, 53.70351], [-0.95727, 53.70497], [-0.96089, 53.70777], [-0.95855, 53.71002], [-0.95848, 53.71379], [-0.95736, 53.71469], [-0.95429, 53.71445], [-0.94928, 53.71265], [-0.94421, 53.71232], [-0.94044, 53.7132], [-0.93464, 53.71619], [-0.92361, 53.71844], [-0.91275, 53.71841], [-0.9074, 53.71662], [-0.90544, 53.71667], [-0.9037, 53.71787], [-0.90299, 53.71955], [-0.90342, 53.72216], [-0.90574, 53.72634], [-0.90514, 53.72707], [-0.88797, 53.72649], [-0.87784, 53.72278], [-0.86608, 53.7217], [-0.86074, 53.72214], [-0.85759, 53.72433], [-0.85763, 53.73016], [-0.85422, 53.73069], [-0.85023, 53.72888], [-0.84698, 53.7253]]], [[[-0.24865, 53.73344], [-0.25017, 53.73327], [-0.24524, 53.73647], [-0.24865, 53.73344]]], [[[-0.39073, 54.1765], [-0.3807, 54.17034], [-0.37451, 54.16255], [-0.3733, 54.15626], [-0.37499, 54.15621], [-0.37491, 54.15409], [-0.36002, 54.1531], [-0.35526, 54.14959], [-0.35074, 54.14975], [-0.34638, 54.14685], [-0.34248, 54.14851], [-0.33693, 54.14954], [-0.32879, 54.14905], [-0.32383, 54.15028], [-0.32264, 54.14526], [-0.31375, 54.14638], [-0.30765, 54.13788], [-0.30407, 54.13625], [-0.29155, 54.13874], [-0.29055, 54.13974], [-0.27644, 54.13958], [-0.26905, 54.13831], [-0.26541, 54.14054], [-0.24519, 54.13711], [-0.23721, 54.13723], [-0.22973, 54.13242], [-0.22905, 54.13571], [-0.22267, 54.13702], [-0.22168, 54.13795], [-0.2214, 54.14202], [-0.21691, 54.14833], [-0.21253, 54.15757], [-0.19015, 54.15467], [-0.17265, 54.15147], [-0.16533, 54.14884], [-0.16249, 54.14642], [-0.15718, 54.14574], [-0.1576, 54.1452], [-0.15675, 54.14443], [-0.14765, 54.14284], [-0.13666, 54.13759], [-0.12907, 54.13519], [-0.12347, 54.13429], [-0.12131, 54.13305], [-0.11887, 54.13354], [-0.11797, 54.13256], [-0.11713, 54.13307], [-0.11667, 54.13254], [-0.11497, 54.1331], [-0.11511, 54.13178], [-0.11363, 54.13108], [-0.11198, 54.13112], [-0.11244, 54.13152], [-0.11097, 54.13244], [-0.1087, 54.13243], [-0.10671, 54.13073], [-0.10729, 54.12988], [-0.10603, 54.12948], [-0.10422, 54.1299], [-0.10489, 54.1301], [-0.10462, 54.13096], [-0.1029, 54.13119], [-0.1007, 54.13006], [-0.1012, 54.12955], [-0.09969, 54.1301], [-0.09862, 54.12882], [-0.09674, 54.1284], [-0.09715, 54.12778], [-0.0961, 54.12815], [-0.09665, 54.12763], [-0.09612, 54.12723], [-0.09374, 54.12838], [-0.09424, 54.12725], [-0.09263, 54.12571], [-0.08318, 54.12251], [-0.08318, 54.11947], [-0.08181, 54.119], [-0.0829, 54.11905], [-0.08238, 54.11753], [-0.07866, 54.11763], [-0.07635, 54.11627], [-0.07737, 54.11483], [-0.07615, 54.11459], [-0.08185, 54.11086], [-0.09193, 54.10733], [-0.10471, 54.10411], [-0.11277, 54.10338], [-0.1163, 54.10453], [-0.1221, 54.10359], [-0.1406, 54.10434], [-0.14737, 54.10243], [-0.16479, 54.09956], [-0.17209, 54.09581], [-0.18228, 54.08729], [-0.18699, 54.08163], [-0.18635, 54.07958], [-0.18718, 54.08111], [-0.19251, 54.0817], [-0.19125, 54.08088], [-0.19309, 54.08019], [-0.18691, 54.08], [-0.19386, 54.08012], [-0.19841, 54.0779], [-0.20695, 54.06774], [-0.21297, 54.05372], [-0.21577, 54.03828], [-0.21612, 54.02677], [-0.21546, 54.02123], [-0.2141, 54.01726], [-0.21505, 54.01581], [-0.21293, 54.01056], [-0.21316, 54.00798], [-0.20983, 53.99985], [-0.18327, 53.94912], [-0.17269, 53.9316], [-0.16256, 53.9194], [-0.1595, 53.91157], [-0.15672, 53.90761], [-0.15721, 53.90735], [-0.15592, 53.90472], [-0.15678, 53.90452], [-0.1568, 53.90371], [-0.14576, 53.88969], [-0.13275, 53.87701], [-0.13336, 53.87671], [-0.13296, 53.87557], [-0.1302, 53.87222], [-0.12198, 53.86397], [-0.09585, 53.84203], [-0.07726, 53.82474], [-0.04914, 53.80055], [-0.04432, 53.79541], [-0.02705, 53.7807], [-0.01399, 53.77111], [0.00299, 53.75638], [0.02909, 53.73676], [0.04112, 53.72636], [0.04647, 53.71946], [0.05764, 53.71133], [0.06952, 53.70068], [0.09642, 53.68101], [0.11701, 53.66224], [0.12043, 53.65837], [0.12065, 53.65784], [0.11948, 53.65862], [0.12946, 53.64486], [0.13406, 53.63328], [0.13897, 53.62513], [0.14178, 53.62196], [0.14193, 53.61947], [0.14733, 53.60733], [0.14758, 53.60228], [0.1441, 53.59613], [0.13596, 53.5891], [0.12991, 53.58607], [0.10835, 53.57145], [0.10596, 53.57261], [0.10774, 53.57511], [0.11462, 53.57746], [0.12053, 53.58133], [0.1266, 53.58669], [0.13207, 53.59016], [0.13513, 53.59048], [0.13991, 53.5937], [0.14435, 53.59838], [0.14583, 53.60104], [0.1459, 53.60765], [0.13892, 53.61447], [0.13334, 53.61685], [0.12457, 53.62339], [0.12138, 53.62352], [0.10547, 53.63217], [0.07959, 53.64099], [0.06469, 53.64421], [0.04582, 53.64669], [0.03449, 53.64919], [0.02999, 53.64924], [0.02432, 53.64817], [0.01948, 53.64523], [0.00751, 53.65214], [0.00058, 53.65484], [0.01142, 53.64955], [0.01746, 53.64578], [0.01733, 53.64489], [-0.0083, 53.64123], [-0.04967, 53.63208], [-0.05409, 53.62899], [-0.07888, 53.63093], [-0.10354, 53.63532], [-0.11352, 53.63943], [-0.11617, 53.64164], [-0.13053, 53.64931], [-0.13176, 53.65049], [-0.1302, 53.65153], [-0.13093, 53.65139], [-0.13034, 53.65219], [-0.1312, 53.65246], [-0.13332, 53.65073], [-0.13775, 53.65429], [-0.13936, 53.65447], [-0.14297, 53.6576], [-0.14742, 53.65965], [-0.14692, 53.66005], [-0.15148, 53.66278], [-0.15498, 53.66613], [-0.15635, 53.66615], [-0.15583, 53.66672], [-0.16297, 53.67219], [-0.1672, 53.67441], [-0.16942, 53.67391], [-0.1676, 53.67458], [-0.16844, 53.67644], [-0.16961, 53.67645], [-0.17369, 53.68029], [-0.17976, 53.68404], [-0.18148, 53.68382], [-0.18066, 53.68428], [-0.18111, 53.68495], [-0.18404, 53.68678], [-0.19369, 53.69036], [-0.19921, 53.69457], [-0.20149, 53.6952], [-0.20068, 53.6956], [-0.20135, 53.69624], [-0.21332, 53.70381], [-0.22725, 53.70847], [-0.22977, 53.71107], [-0.2357, 53.72018], [-0.23475, 53.72349], [-0.23693, 53.72668], [-0.23184, 53.72884], [-0.23298, 53.73151], [-0.23033, 53.73356], [-0.2335, 53.73176], [-0.23246, 53.72942], [-0.2344, 53.72821], [-0.24319, 53.72956], [-0.24364, 53.73102], [-0.24438, 53.73081], [-0.24371, 53.73111], [-0.24511, 53.73544], [-0.24276, 53.73879], [-0.24658, 53.74018], [-0.2473, 53.74113], [-0.24704, 53.74271], [-0.24488, 53.74494], [-0.24623, 53.74667], [-0.24464, 53.74811], [-0.2456, 53.74963], [-0.24262, 53.75099], [-0.24143, 53.75503], [-0.24458, 53.75631], [-0.24547, 53.75945], [-0.24989, 53.75961], [-0.25153, 53.76054], [-0.25093, 53.76198], [-0.25419, 53.76348], [-0.25336, 53.76453], [-0.25472, 53.76636], [-0.25436, 53.77], [-0.25214, 53.76998], [-0.25211, 53.77235], [-0.2545, 53.77259], [-0.25278, 53.77531], [-0.25232, 53.78131], [-0.25811, 53.78115], [-0.25773, 53.78325], [-0.26565, 53.78233], [-0.26832, 53.78503], [-0.27272, 53.78262], [-0.27404, 53.78341], [-0.27824, 53.78204], [-0.28888, 53.78953], [-0.30388, 53.79845], [-0.31613, 53.81325], [-0.33855, 53.81056], [-0.34608, 53.81061], [-0.34574, 53.80973], [-0.34876, 53.80949], [-0.34859, 53.80888], [-0.35366, 53.8085], [-0.35351, 53.81155], [-0.35415, 53.81441], [-0.35797, 53.81743], [-0.36389, 53.81868], [-0.36896, 53.82436], [-0.37001, 53.82474], [-0.37694, 53.82516], [-0.38135, 53.8273], [-0.38177, 53.82842], [-0.38028, 53.83156], [-0.38093, 53.83477], [-0.38135, 53.83538], [-0.38319, 53.83634], [-0.38351, 53.83786], [-0.3846, 53.83903], [-0.38619, 53.83969], [-0.39419, 53.83991], [-0.39958, 53.84364], [-0.39924, 53.84571], [-0.39613, 53.84826], [-0.39301, 53.85387], [-0.39299, 53.85566], [-0.39985, 53.86649], [-0.39912, 53.86933], [-0.39919, 53.87186], [-0.39824, 53.87368], [-0.39916, 53.8778], [-0.40174, 53.87863], [-0.40349, 53.88023], [-0.40773, 53.88193], [-0.40705, 53.88456], [-0.40325, 53.88389], [-0.40085, 53.88407], [-0.40104, 53.88307], [-0.40039, 53.88416], [-0.39741, 53.8843], [-0.39499, 53.8853], [-0.3941, 53.88811], [-0.3943, 53.88982], [-0.39602, 53.89197], [-0.39544, 53.89607], [-0.39366, 53.8985], [-0.38254, 53.90146], [-0.38142, 53.90391], [-0.38421, 53.90606], [-0.38424, 53.90913], [-0.38018, 53.9119], [-0.37606, 53.91343], [-0.37107, 53.91207], [-0.36693, 53.91331], [-0.36648, 53.91386], [-0.3681, 53.91782], [-0.3659, 53.9212], [-0.36382, 53.92204], [-0.3615, 53.9235], [-0.35817, 53.92434], [-0.35628, 53.92547], [-0.35603, 53.92691], [-0.35842, 53.93019], [-0.35729, 53.93164], [-0.35648, 53.93383], [-0.3588, 53.93023], [-0.35701, 53.92814], [-0.35654, 53.92559], [-0.36255, 53.9233], [-0.36634, 53.92122], [-0.36867, 53.9177], [-0.36697, 53.91355], [-0.37068, 53.91226], [-0.3761, 53.91368], [-0.38028, 53.91211], [-0.38238, 53.91094], [-0.38762, 53.91223], [-0.38867, 53.9141], [-0.39342, 53.91899], [-0.41181, 53.92481], [-0.4215, 53.92735], [-0.39345, 53.91885], [-0.38771, 53.91214], [-0.38263, 53.91077], [-0.38484, 53.90928], [-0.38452, 53.90599], [-0.38171, 53.90377], [-0.38259, 53.90183], [-0.39244, 53.89948], [-0.39393, 53.89854], [-0.39585, 53.89578], [-0.39754, 53.89627], [-0.39939, 53.89633], [-0.40372, 53.89561], [-0.40572, 53.89649], [-0.4092, 53.89728], [-0.41002, 53.89805], [-0.41763, 53.9022], [-0.43485, 53.9067], [-0.43653, 53.9059], [-0.4348, 53.90659], [-0.41763, 53.90209], [-0.40922, 53.89714], [-0.40372, 53.89549], [-0.39965, 53.89623], [-0.39586, 53.89555], [-0.39631, 53.89205], [-0.39437, 53.88793], [-0.39541, 53.88523], [-0.40271, 53.88404], [-0.40729, 53.88468], [-0.40809, 53.88213], [-0.407, 53.88105], [-0.40766, 53.8808], [-0.41394, 53.88265], [-0.41222, 53.8817], [-0.40766, 53.8807], [-0.40687, 53.88098], [-0.40363, 53.88009], [-0.40187, 53.87848], [-0.39943, 53.87775], [-0.39852, 53.87372], [-0.39947, 53.87188], [-0.40009, 53.86647], [-0.3935, 53.85635], [-0.39319, 53.8542], [-0.39629, 53.84843], [-0.3997, 53.84556], [-0.40006, 53.84405], [-0.39972, 53.84338], [-0.3947, 53.83978], [-0.38519, 53.83915], [-0.38388, 53.83801], [-0.38335, 53.83623], [-0.38118, 53.83464], [-0.38055, 53.8316], [-0.38196, 53.82904], [-0.38172, 53.82728], [-0.37688, 53.82495], [-0.36916, 53.82428], [-0.36402, 53.81853], [-0.35846, 53.81748], [-0.35453, 53.81452], [-0.35381, 53.81156], [-0.35376, 53.80898], [-0.35509, 53.80695], [-0.35776, 53.80546], [-0.36198, 53.80513], [-0.36593, 53.80261], [-0.36464, 53.79708], [-0.36337, 53.79544], [-0.35934, 53.79447], [-0.3596, 53.79336], [-0.36511, 53.79222], [-0.39221, 53.79111], [-0.38973, 53.77655], [-0.38808, 53.77632], [-0.3874, 53.77072], [-0.38829, 53.77094], [-0.3881, 53.76932], [-0.3942, 53.76749], [-0.39826, 53.76758], [-0.40793, 53.76267], [-0.40857, 53.76057], [-0.4182, 53.76061], [-0.42234, 53.75054], [-0.40193, 53.74997], [-0.40205, 53.74812], [-0.41093, 53.74634], [-0.40999, 53.74424], [-0.41566, 53.73875], [-0.41714, 53.73584], [-0.41973, 53.73534], [-0.42212, 53.73176], [-0.42209, 53.72737], [-0.42017, 53.72388], [-0.42072, 53.72312], [-0.4192, 53.71956], [-0.43198, 53.71681], [-0.43388, 53.71717], [-0.43412, 53.71897], [-0.43417, 53.71618], [-0.44745, 53.71385], [-0.45892, 53.7162], [-0.47338, 53.71726], [-0.48674, 53.71646], [-0.52589, 53.71028], [-0.54255, 53.70842], [-0.54262, 53.70902], [-0.54543, 53.70876], [-0.55655, 53.71035], [-0.5683, 53.71502], [-0.56862, 53.71654], [-0.56952, 53.71568], [-0.57128, 53.71655], [-0.58279, 53.72399], [-0.58224, 53.72609], [-0.58325, 53.72655], [-0.58535, 53.72716], [-0.58359, 53.72623], [-0.58372, 53.72547], [-0.5895, 53.72799], [-0.60166, 53.72988], [-0.61664, 53.73116], [-0.62554, 53.73137], [-0.62748, 53.73128], [-0.62845, 53.73087], [-0.62787, 53.73197], [-0.62999, 53.73312], [-0.63021, 53.73397], [-0.63032, 53.73327], [-0.62946, 53.7327], [-0.63113, 53.73274], [-0.62812, 53.73202], [-0.62877, 53.73094], [-0.63724, 53.72887], [-0.63471, 53.72902], [-0.62743, 53.73112], [-0.61839, 53.73057], [-0.62729, 53.72962], [-0.67299, 53.72132], [-0.67632, 53.7196], [-0.67601, 53.71909], [-0.67952, 53.71591], [-0.68054, 53.71372], [-0.68727, 53.70786], [-0.69597, 53.70434], [-0.70225, 53.70385], [-0.70851, 53.70499], [-0.70857, 53.70616], [-0.70977, 53.7053], [-0.716, 53.70649], [-0.73262, 53.70772], [-0.74259, 53.70696], [-0.74867, 53.70603], [-0.75698, 53.70309], [-0.7572, 53.70409], [-0.75782, 53.70282], [-0.76416, 53.70073], [-0.76535, 53.70115], [-0.76561, 53.70032], [-0.77119, 53.6985], [-0.77905, 53.69745], [-0.78695, 53.70002], [-0.79421, 53.70421], [-0.79409, 53.7052], [-0.79488, 53.7046], [-0.8052, 53.70702], [-0.80967, 53.70718], [-0.81971, 53.70537], [-0.82496, 53.70354], [-0.83187, 53.69941], [-0.84356, 53.69001], [-0.84857, 53.68714], [-0.85169, 53.68643], [-0.85421, 53.68719], [-0.85909, 53.69149], [-0.86272, 53.69625], [-0.86377, 53.70056], [-0.86131, 53.7026], [-0.84799, 53.70545], [-0.84177, 53.70947], [-0.84015, 53.7158], [-0.84173, 53.7235], [-0.84558, 53.72833], [-0.84884, 53.73087], [-0.85281, 53.73212], [-0.85825, 53.73209], [-0.86261, 53.73045], [-0.87227, 53.72399], [-0.88715, 53.72826], [-0.89866, 53.72795], [-0.90171, 53.72873], [-0.90961, 53.72792], [-0.91097, 53.72843], [-0.90901, 53.73162], [-0.9112, 53.73337], [-0.93587, 53.73248], [-0.94533, 53.73384], [-0.9527, 53.73651], [-0.96106, 53.7367], [-0.96091, 53.74291], [-0.96255, 53.74672], [-0.96605, 53.74867], [-0.9733, 53.75017], [-0.96419, 53.75061], [-0.95157, 53.75375], [-0.93974, 53.75813], [-0.93426, 53.76161], [-0.93008, 53.76307], [-0.92836, 53.76531], [-0.92829, 53.7699], [-0.92943, 53.77376], [-0.93315, 53.77474], [-0.93662, 53.77933], [-0.93427, 53.78467], [-0.93349, 53.78996], [-0.93117, 53.79129], [-0.92804, 53.79707], [-0.93107, 53.79825], [-0.93447, 53.80184], [-0.93288, 53.80382], [-0.92993, 53.805], [-0.92759, 53.80986], [-0.92008, 53.81596], [-0.92234, 53.817], [-0.92422, 53.81604], [-0.92892, 53.82045], [-0.9332, 53.82067], [-0.94061, 53.8235], [-0.9403, 53.83268], [-0.94349, 53.83527], [-0.94702, 53.84363], [-0.94498, 53.8481], [-0.94631, 53.85116], [-0.94199, 53.85479], [-0.94805, 53.86108], [-0.94813, 53.8621], [-0.94613, 53.86475], [-0.94059, 53.86644], [-0.93905, 53.86772], [-0.93872, 53.86904], [-0.94074, 53.87405], [-0.93817, 53.87573], [-0.92975, 53.87652], [-0.92268, 53.87945], [-0.92465, 53.88269], [-0.92293, 53.88535], [-0.92359, 53.88771], [-0.92053, 53.8884], [-0.91967, 53.88928], [-0.92084, 53.8906], [-0.93413, 53.89024], [-0.94469, 53.89203], [-0.94951, 53.89383], [-0.94871, 53.89499], [-0.94028, 53.89862], [-0.94067, 53.90108], [-0.93997, 53.90258], [-0.94104, 53.90414], [-0.93893, 53.90588], [-0.93831, 53.90787], [-0.93204, 53.90874], [-0.93218, 53.91203], [-0.93482, 53.91357], [-0.93081, 53.91402], [-0.93167, 53.91735], [-0.92779, 53.91829], [-0.92835, 53.92044], [-0.92759, 53.92092], [-0.92336, 53.92032], [-0.92167, 53.92121], [-0.92324, 53.92524], [-0.9287, 53.92903], [-0.92883, 53.93], [-0.92641, 53.93309], [-0.92341, 53.93499], [-0.92557, 53.93588], [-0.92618, 53.93694], [-0.92507, 53.94075], [-0.92785, 53.94189], [-0.92845, 53.94342], [-0.92652, 53.94466], [-0.92709, 53.94654], [-0.92495, 53.94874], [-0.9257, 53.95036], [-0.9276, 53.95168], [-0.92765, 53.95265], [-0.92215, 53.95663], [-0.9212, 53.9604], [-0.92386, 53.96335], [-0.92829, 53.9643], [-0.93131, 53.96585], [-0.9341, 53.96865], [-0.93378, 53.97049], [-0.93129, 53.9724], [-0.93074, 53.97447], [-0.92877, 53.97608], [-0.92704, 53.9805], [-0.92782, 53.98401], [-0.92497, 53.98624], [-0.92363, 53.98837], [-0.92031, 53.99008], [-0.92529, 53.9915], [-0.91524, 53.99313], [-0.91324, 53.99204], [-0.91193, 53.99288], [-0.91189, 53.99543], [-0.90748, 53.99753], [-0.89995, 53.99971], [-0.89741, 53.99851], [-0.89353, 53.99975], [-0.89087, 54.00308], [-0.88855, 54.0095], [-0.87766, 54.01354], [-0.87723, 54.01491], [-0.87844, 54.01717], [-0.87616, 54.0176], [-0.87039, 54.01668], [-0.86351, 54.01734], [-0.85972, 54.01636], [-0.84849, 54.01866], [-0.84315, 54.02168], [-0.84239, 54.02109], [-0.83699, 54.02189], [-0.83653, 54.02125], [-0.82036, 54.02085], [-0.80847, 54.02235], [-0.80331, 54.02334], [-0.80324, 54.02395], [-0.79898, 54.02407], [-0.80029, 54.01997], [-0.79918, 54.01904], [-0.77883, 54.02353], [-0.76633, 54.02367], [-0.74464, 54.02755], [-0.73425, 54.03024], [-0.73058, 54.02171], [-0.73048, 54.01268], [-0.71969, 54.0123], [-0.71925, 54.01069], [-0.71805, 54.01009], [-0.71074, 54.01115], [-0.70964, 54.01045], [-0.70865, 54.00805], [-0.70489, 54.00605], [-0.68367, 54.00875], [-0.68158, 54.01122], [-0.68306, 54.01245], [-0.67941, 54.01597], [-0.67841, 54.01822], [-0.68381, 54.02098], [-0.68414, 54.02263], [-0.68847, 54.02399], [-0.68721, 54.02606], [-0.68729, 54.03043], [-0.68259, 54.03411], [-0.68068, 54.03365], [-0.68046, 54.03589], [-0.67849, 54.03723], [-0.67424, 54.03816], [-0.65947, 54.03715], [-0.65631, 54.04062], [-0.65796, 54.04215], [-0.65801, 54.04363], [-0.65573, 54.04421], [-0.65629, 54.04543], [-0.65364, 54.04594], [-0.64464, 54.05509], [-0.65242, 54.05983], [-0.66031, 54.06308], [-0.6481, 54.06599], [-0.63219, 54.06874], [-0.62745, 54.06881], [-0.62774, 54.07018], [-0.6215, 54.06965], [-0.61551, 54.07048], [-0.60969, 54.07325], [-0.60585, 54.07778], [-0.59409, 54.0842], [-0.59099, 54.08704], [-0.56645, 54.09029], [-0.56313, 54.09398], [-0.55666, 54.0927], [-0.55062, 54.09267], [-0.54551, 54.09104], [-0.5418, 54.09151], [-0.53402, 54.08716], [-0.52792, 54.08932], [-0.5246, 54.08546], [-0.50287, 54.09408], [-0.48984, 54.10087], [-0.46593, 54.10761], [-0.46831, 54.11123], [-0.45867, 54.11402], [-0.45943, 54.11531], [-0.45434, 54.11674], [-0.45469, 54.11995], [-0.45359, 54.12009], [-0.45369, 54.12069], [-0.45853, 54.12596], [-0.42708, 54.13742], [-0.43265, 54.1575], [-0.43092, 54.15813], [-0.4331, 54.1606], [-0.43315, 54.16405], [-0.42291, 54.1663], [-0.42454, 54.16956], [-0.42263, 54.17008], [-0.42252, 54.17125], [-0.41809, 54.1712], [-0.41824, 54.17405], [-0.40826, 54.17582], [-0.40406, 54.17583], [-0.40324, 54.1747], [-0.39073, 54.1765]]]]}}, {"type": "Feature", "properties": {"name": "Kingston upon Hull, City of", "county": "East Riding of Yorkshire"}, "geometry": {"type": "MultiPolygon", "coordinates": [[[[-0.34776, 53.78026], [-0.34965, 53.77842], [-0.3484, 53.77543], [-0.34698, 53.77497], [-0.34221, 53.77522], [-0.34157, 53.77467], [-0.3422, 53.77274], [-0.34066, 53.77123], [-0.33778, 53.77033], [-0.3324, 53.77055], [-0.331, 53.7696], [-0.33018, 53.76741], [-0.32834, 53.76599], [-0.32822, 53.76492], [-0.33235, 53.7645], [-0.3335, 53.76395], [-0.33653, 53.76], [-0.33615, 53.75857], [-0.33413, 53.75697], [-0.33006, 53.75629], [-0.32891, 53.75389], [-0.32923, 53.75309], [-0.33237, 53.75238], [-0.33319, 53.75175], [-0.33279, 53.75038], [-0.32864, 53.74518], [-0.33108, 53.73974], [-0.33274, 53.73888], [-0.33263, 53.73827], [-0.33657, 53.73812], [-0.33666, 53.73721], [-0.34083, 53.73661], [-0.33924, 53.73658], [-0.33945, 53.73593], [-0.38314, 53.7246], [-0.39618, 53.72219], [-0.3967, 53.72317], [-0.40385, 53.72264], [-0.4192, 53.71956], [-0.42072, 53.72312], [-0.42017, 53.72388], [-0.42209, 53.72737], [-0.42212, 53.73176], [-0.41973, 53.73534], [-0.41714, 53.73584], [-0.41566, 53.73875], [-0.40999, 53.74424], [-0.41093, 53.74634], [-0.40205, 53.74812], [-0.40193, 53.74997], [-0.42234, 53.75054], [-0.42118, 53.75221], [-0.42118, 53.75375], [-0.4182, 53.76061], [-0.40857, 53.76057], [-0.40793, 53.76267], [-0.39826, 53.76758], [-0.3942, 53.76749], [-0.3881, 53.76932], [-0.38829, 53.77094], [-0.3874, 53.77072], [-0.38808, 53.77632], [-0.38973, 53.77655], [-0.39221, 53.79111], [-0.36511, 53.79222], [-0.3596, 53.79336], [-0.35965, 53.79202], [-0.35643, 53.78995], [-0.35379, 53.78888], [-0.35073, 53.78843], [-0.3481, 53.78695], [-0.3484, 53.78553], [-0.35126, 53.78458], [-0.35195, 53.78356], [-0.35176, 53.78305], [-0.34848, 53.78182], [-0.34776, 53.78026]]], [[[-0.31613, 53.81325], [-0.30388, 53.79845], [-0.28888, 53.78953], [-0.27824, 53.78204], [-0.27404, 53.78341], [-0.27272, 53.78262], [-0.26832, 53.78503], [-0.26565, 53.78233], [-0.25773, 53.78325], [-0.25811, 53.78115], [-0.25232, 53.78131], [-0.25278, 53.77531], [-0.2545, 53.77259], [-0.25211, 53.77235], [-0.25214, 53.76998], [-0.25436, 53.77], [-0.25472, 53.76636], [-0.25336, 53.76453], [-0.25419, 53.76348], [-0.25093, 53.76198], [-0.25153, 53.76054], [-0.24989, 53.75961], [-0.24547, 53.75945], [-0.24458, 53.75631], [-0.24143, 53.75503], [-0.24262, 53.75099], [-0.2456, 53.74963], [-0.24464, 53.74811], [-0.24623, 53.74667], [-0.24488, 53.74494], [-0.24704, 53.74271], [-0.2473, 53.74113], [-0.24664, 53.74008], [-0.24306, 53.73889], [-0.2433, 53.73816], [-0.25017, 53.73327], [-0.25591, 53.73626], [-0.25996, 53.73609], [-0.27325, 53.74009], [-0.27324, 53.74089], [-0.27848, 53.74092], [-0.28674, 53.74254], [-0.30756, 53.74235], [-0.31764, 53.74047], [-0.31805, 53.74123], [-0.31928, 53.74114], [-0.32005, 53.74001], [-0.32098, 53.74094], [-0.32045, 53.73993], [-0.33128, 53.7383], [-0.32838, 53.74414], [-0.32695, 53.74461], [-0.32786, 53.74483], [-0.3289, 53.74714], [-0.33231, 53.75017], [-0.33272, 53.75146], [-0.32921, 53.75282], [-0.32853, 53.75374], [-0.32973, 53.75642], [-0.33374, 53.75713], [-0.33616, 53.75969], [-0.33276, 53.7641], [-0.32852, 53.76434], [-0.3278, 53.76496], [-0.328, 53.76605], [-0.32996, 53.76769], [-0.33044, 53.76947], [-0.33215, 53.77073], [-0.33904, 53.77078], [-0.34177, 53.77258], [-0.34124, 53.77454], [-0.3418, 53.77526], [-0.34811, 53.77556], [-0.34928, 53.77855], [-0.3473, 53.78056], [-0.34803, 53.78184], [-0.35167, 53.78362], [-0.34796, 53.7856], [-0.34805, 53.7873], [-0.3507, 53.78865], [-0.35468, 53.7894], [-0.35953, 53.79233], [-0.35901, 53.79451], [-0.36334, 53.79578], [-0.36494, 53.79846], [-0.36553, 53.80227], [-0.36518, 53.80335], [-0.36182, 53.80496], [-0.35674, 53.80558], [-0.35366, 53.8085], [-0.34859, 53.80888], [-0.34876, 53.80949], [-0.34574, 53.80973], [-0.34608, 53.81061], [-0.33855, 53.81056], [-0.31613, 53.81325]]]]}}, {"type": "Feature", "properties": {"name": "Craven", "county": "North Yorkshire"}, "geometry": {"type": "Polygon", "coordinates": [[[-2.31811, 54.25587], [-2.3051, 54.24933], [-2.29697, 54.25099], [-2.29427, 54.25329], [-2.29276, 54.25261], [-2.29133, 54.2516], [-2.2897, 54.24513], [-2.28689, 54.24324], [-2.2874, 54.24147], [-2.286, 54.23944], [-2.28332, 54.23855], [-2.28275, 54.2395], [-2.28046, 54.2394], [-2.27788, 54.24102], [-2.27567, 54.24108], [-2.27402, 54.243], [-2.26508, 54.24486], [-2.25213, 54.24933], [-2.24666, 54.24939], [-2.24258, 54.24809], [-2.23756, 54.24978], [-2.23565, 54.25123], [-2.2314, 54.25028], [-2.22921, 54.25217], [-2.22089, 54.25103], [-2.21464, 54.24976], [-2.21423, 54.24844], [-2.21221, 54.2478], [-2.19779, 54.24737], [-2.19465, 54.24591], [-2.19493, 54.24531], [-2.1911, 54.24307], [-2.18715, 54.23881], [-2.18502, 54.23828], [-2.17982, 54.23502], [-2.17194, 54.22847], [-2.16664, 54.2283], [-2.16075, 54.23134], [-2.15915, 54.23365], [-2.15668, 54.23465], [-2.1516, 54.23558], [-2.15253, 54.23437], [-2.15069, 54.23256], [-2.14788, 54.23416], [-2.14383, 54.23502], [-2.14307, 54.23323], [-2.14353, 54.23003], [-2.14217, 54.22631], [-2.14047, 54.22528], [-2.12893, 54.22563], [-2.12626, 54.22641], [-2.12469, 54.22792], [-2.11819, 54.2296], [-2.11345, 54.23255], [-2.10876, 54.23184], [-2.10003, 54.23195], [-2.09921, 54.23005], [-2.09504, 54.22796], [-2.09052, 54.22363], [-2.08663, 54.22124], [-2.08709, 54.22097], [-2.08393, 54.22028], [-2.0825, 54.2187], [-2.07918, 54.21837], [-2.07112, 54.21311], [-2.06087, 54.21031], [-2.06043, 54.20877], [-2.06134, 54.2026], [-2.05932, 54.19647], [-2.05426, 54.19489], [-2.05033, 54.19], [-2.0511, 54.18909], [-2.04939, 54.18577], [-2.04578, 54.18187], [-2.04435, 54.18255], [-2.03417, 54.18042], [-2.03473, 54.17578], [-2.03139, 54.17479], [-2.02695, 54.17615], [-2.02388, 54.17596], [-2.02283, 54.17676], [-2.01855, 54.17617], [-2.01471, 54.17278], [-2.0045, 54.17287], [-1.99911, 54.16738], [-1.99775, 54.16518], [-1.99757, 54.16066], [-1.99254, 54.15527], [-1.98841, 54.1553], [-1.98688, 54.15661], [-1.97249, 54.15807], [-1.96661, 54.15319], [-1.96358, 54.15212], [-1.95423, 54.14309], [-1.95529, 54.13674], [-1.95738, 54.13558], [-1.95714, 54.13255], [-1.94726, 54.12502], [-1.92269, 54.12035], [-1.90561, 54.12246], [-1.90056, 54.11639], [-1.89511, 54.11378], [-1.891, 54.1044], [-1.88734, 54.10245], [-1.87977, 54.10221], [-1.87596, 54.10006], [-1.87132, 54.09951], [-1.86711, 54.09768], [-1.86172, 54.08053], [-1.84058, 54.07056], [-1.84221, 54.06786], [-1.85, 54.0619], [-1.85278, 54.0577], [-1.85372, 54.05311], [-1.85968, 54.05211], [-1.86665, 54.04966], [-1.87352, 54.04603], [-1.87036, 54.04448], [-1.86867, 54.04204], [-1.87242, 54.0356], [-1.85347, 54.02876], [-1.84804, 54.01366], [-1.83736, 54.0149], [-1.83491, 54.01351], [-1.8314, 54.00931], [-1.83097, 54.00344], [-1.82276, 53.99742], [-1.81952, 53.9964], [-1.81876, 53.99251], [-1.82162, 53.99094], [-1.82163, 53.98991], [-1.82316, 53.98905], [-1.82326, 53.98777], [-1.8245, 53.98733], [-1.82489, 53.9863], [-1.82676, 53.98565], [-1.8222, 53.98348], [-1.81774, 53.98013], [-1.81673, 53.97812], [-1.82489, 53.97625], [-1.8499, 53.96571], [-1.86316, 53.96194], [-1.86247, 53.96036], [-1.86118, 53.95975], [-1.86156, 53.95839], [-1.8652, 53.95595], [-1.8704, 53.95442], [-1.87599, 53.955], [-1.87888, 53.95426], [-1.87994, 53.95589], [-1.87814, 53.95898], [-1.87872, 53.96238], [-1.88224, 53.96312], [-1.88545, 53.963], [-1.88638, 53.96088], [-1.8897, 53.95926], [-1.89051, 53.95733], [-1.89313, 53.95537], [-1.89884, 53.95538], [-1.90357, 53.95722], [-1.9035, 53.95826], [-1.90627, 53.95836], [-1.91196, 53.95694], [-1.91316, 53.95598], [-1.91912, 53.9549], [-1.9201, 53.95564], [-1.92277, 53.95562], [-1.92798, 53.95044], [-1.93086, 53.95025], [-1.93423, 53.9519], [-1.94161, 53.9525], [-1.94399, 53.95617], [-1.95068, 53.95673], [-1.94936, 53.953], [-1.9582, 53.95394], [-1.96617, 53.95155], [-1.96505, 53.94822], [-1.96389, 53.94803], [-1.96238, 53.94531], [-1.96229, 53.94319], [-1.96883, 53.94392], [-1.97052, 53.94332], [-1.96307, 53.93339], [-1.96802, 53.93181], [-1.96591, 53.93041], [-1.96589, 53.92787], [-1.96724, 53.92751], [-1.97041, 53.92842], [-1.97021, 53.92907], [-1.97192, 53.92997], [-1.97686, 53.9264], [-1.97394, 53.92404], [-1.9617, 53.91827], [-1.95745, 53.91357], [-1.95322, 53.91169], [-1.95341, 53.90651], [-1.95256, 53.90352], [-1.96842, 53.90383], [-1.97488, 53.90116], [-1.97935, 53.90117], [-1.9789, 53.898], [-1.9811, 53.89696], [-1.98131, 53.89424], [-1.97725, 53.88772], [-1.97809, 53.88419], [-1.97612, 53.87888], [-1.97698, 53.87559], [-1.98236, 53.86885], [-1.98765, 53.86772], [-1.99548, 53.86867], [-1.99945, 53.87205], [-2.01303, 53.87051], [-2.01348, 53.86972], [-2.02163, 53.87148], [-2.03171, 53.85858], [-2.04613, 53.85013], [-2.06229, 53.85907], [-2.06896, 53.85972], [-2.07485, 53.86235], [-2.07596, 53.8636], [-2.07672, 53.86682], [-2.08119, 53.86996], [-2.08449, 53.87006], [-2.08991, 53.86817], [-2.08834, 53.87005], [-2.08269, 53.87369], [-2.08144, 53.87567], [-2.08245, 53.87754], [-2.0837, 53.87792], [-2.08625, 53.88073], [-2.09385, 53.88507], [-2.09573, 53.88814], [-2.10302, 53.89093], [-2.11317, 53.9046], [-2.10746, 53.90803], [-2.10979, 53.90908], [-2.11182, 53.91192], [-2.11469, 53.91374], [-2.11309, 53.91543], [-2.11829, 53.91764], [-2.12175, 53.91732], [-2.12462, 53.92191], [-2.12435, 53.92319], [-2.13016, 53.92347], [-2.13254, 53.92553], [-2.13222, 53.92649], [-2.13997, 53.92831], [-2.14179, 53.92566], [-2.14496, 53.9265], [-2.14943, 53.92601], [-2.14811, 53.92781], [-2.15171, 53.92947], [-2.15688, 53.92701], [-2.15782, 53.92826], [-2.15933, 53.9279], [-2.15966, 53.92863], [-2.16287, 53.92726], [-2.16379, 53.93027], [-2.16165, 53.93181], [-2.16207, 53.93261], [-2.16412, 53.93462], [-2.17168, 53.93767], [-2.17442, 53.93665], [-2.17594, 53.93425], [-2.17931, 53.93545], [-2.18228, 53.93538], [-2.18438, 53.93712], [-2.18548, 53.94187], [-2.18371, 53.94369], [-2.18384, 53.9452], [-2.17946, 53.94597], [-2.18071, 53.94798], [-2.18368, 53.94932], [-2.18352, 53.95142], [-2.18776, 53.95417], [-2.19361, 53.96139], [-2.19601, 53.96956], [-2.20063, 53.97011], [-2.20166, 53.96783], [-2.20665, 53.96639], [-2.20964, 53.96289], [-2.21311, 53.96339], [-2.21442, 53.96509], [-2.22061, 53.96354], [-2.22573, 53.96109], [-2.2253, 53.9649], [-2.22594, 53.96724], [-2.2293, 53.9673], [-2.22973, 53.96966], [-2.23201, 53.97122], [-2.22769, 53.97484], [-2.22347, 53.97615], [-2.22106, 53.97791], [-2.22406, 53.97863], [-2.2271, 53.97833], [-2.23034, 53.98152], [-2.24441, 53.98104], [-2.24587, 53.97926], [-2.24821, 53.97867], [-2.2845, 53.9738], [-2.28615, 53.97475], [-2.29432, 53.97442], [-2.29885, 53.97655], [-2.29676, 53.97925], [-2.29673, 53.98054], [-2.30532, 53.9839], [-2.30447, 53.98453], [-2.30946, 53.98745], [-2.31425, 53.98861], [-2.31836, 53.99208], [-2.31883, 53.99372], [-2.32693, 53.99385], [-2.33367, 53.9904], [-2.33597, 53.99171], [-2.33832, 53.99123], [-2.33992, 53.98941], [-2.35236, 53.99466], [-2.35357, 54.00377], [-2.35231, 54.01053], [-2.35029, 54.01219], [-2.34798, 54.00998], [-2.34281, 54.00878], [-2.34076, 54.00745], [-2.33938, 54.00878], [-2.34354, 54.01731], [-2.34565, 54.01818], [-2.34939, 54.01769], [-2.35015, 54.01861], [-2.35732, 54.0191], [-2.35752, 54.02021], [-2.35654, 54.02146], [-2.35792, 54.02332], [-2.36035, 54.02431], [-2.35951, 54.02638], [-2.36173, 54.02722], [-2.36193, 54.02923], [-2.35926, 54.03174], [-2.36266, 54.03443], [-2.36185, 54.03794], [-2.36418, 54.04008], [-2.362, 54.04066], [-2.37407, 54.04908], [-2.38442, 54.0476], [-2.38716, 54.04521], [-2.39474, 54.0433], [-2.39706, 54.0442], [-2.40383, 54.04346], [-2.40554, 54.04255], [-2.41894, 54.04136], [-2.42252, 54.04056], [-2.42582, 54.03808], [-2.43273, 54.04158], [-2.44532, 54.04215], [-2.45075, 54.04064], [-2.45877, 54.04048], [-2.46955, 54.0462], [-2.47054, 54.05084], [-2.46901, 54.05487], [-2.46399, 54.06107], [-2.46561, 54.07172], [-2.46435, 54.07527], [-2.47072, 54.07655], [-2.48075, 54.08537], [-2.48636, 54.08483], [-2.4884, 54.08671], [-2.49156, 54.08731], [-2.49256, 54.08986], [-2.5063, 54.09146], [-2.50875, 54.09241], [-2.50855, 54.09422], [-2.50952, 54.09541], [-2.51724, 54.09496], [-2.52052, 54.09553], [-2.52401, 54.09461], [-2.52559, 54.09602], [-2.52639, 54.09917], [-2.52449, 54.1003], [-2.52411, 54.10212], [-2.5263, 54.10194], [-2.53676, 54.10409], [-2.53813, 54.10566], [-2.53673, 54.10647], [-2.5362, 54.10861], [-2.54583, 54.11436], [-2.54476, 54.11712], [-2.55308, 54.12053], [-2.55921, 54.12107], [-2.56076, 54.12236], [-2.56333, 54.12269], [-2.5633, 54.12538], [-2.56474, 54.12706], [-2.56139, 54.12989], [-2.56249, 54.13172], [-2.56222, 54.13517], [-2.56371, 54.13545], [-2.56266, 54.1365], [-2.56341, 54.14039], [-2.56095, 54.14283], [-2.55787, 54.14335], [-2.5582, 54.14741], [-2.55738, 54.14997], [-2.56151, 54.15052], [-2.5605, 54.15304], [-2.54722, 54.1533], [-2.54376, 54.15753], [-2.53652, 54.15654], [-2.5333, 54.15825], [-2.53299, 54.16084], [-2.53079, 54.16152], [-2.52995, 54.16264], [-2.53045, 54.16402], [-2.5289, 54.16423], [-2.53024, 54.16642], [-2.52936, 54.16697], [-2.52872, 54.1695], [-2.52328, 54.17121], [-2.52365, 54.17237], [-2.52254, 54.17368], [-2.5182, 54.17664], [-2.51144, 54.17904], [-2.47996, 54.2023], [-2.47963, 54.20462], [-2.47569, 54.21029], [-2.4737, 54.21527], [-2.46397, 54.2221], [-2.46086, 54.22671], [-2.44141, 54.22573], [-2.43542, 54.22287], [-2.43194, 54.22418], [-2.42649, 54.2237], [-2.41197, 54.22668], [-2.40645, 54.22592], [-2.40563, 54.2249], [-2.40363, 54.22557], [-2.40137, 54.23041], [-2.40093, 54.23403], [-2.39678, 54.23937], [-2.38508, 54.23914], [-2.37302, 54.24009], [-2.37232, 54.24822], [-2.36231, 54.24974], [-2.3604, 54.24664], [-2.35055, 54.24136], [-2.34805, 54.2378], [-2.33765, 54.23759], [-2.32827, 54.24187], [-2.32564, 54.24143], [-2.32547, 54.24279], [-2.32265, 54.24545], [-2.32325, 54.24698], [-2.32253, 54.24814], [-2.32209, 54.25501], [-2.31909, 54.25714], [-2.31811, 54.25587]]]}}, {"type": "Feature", "properties": {"name": "Hambleton", "county": "North Yorkshire"}, "geometry": {"type": "Polygon", "coordinates": [[[-1.2276, 54.51198], [-1.20849, 54.50888], [-1.2039, 54.5069], [-1.18971, 54.50628], [-1.18508, 54.50727], [-1.18115, 54.50576], [-1.17937, 54.50599], [-1.17613, 54.5043], [-1.17385, 54.5047], [-1.17346, 54.50404], [-1.17438, 54.50288], [-1.17353, 54.50249], [-1.17064, 54.50234], [-1.16896, 54.50352], [-1.1631, 54.50353], [-1.14805, 54.50111], [-1.14668, 54.50136], [-1.14618, 54.50281], [-1.12664, 54.49871], [-1.1228, 54.49898], [-1.11837, 54.49819], [-1.11431, 54.49895], [-1.11162, 54.50203], [-1.11177, 54.50436], [-1.10617, 54.50569], [-1.09451, 54.50675], [-1.08724, 54.50334], [-1.07818, 54.50381], [-1.0738, 54.50261], [-1.06479, 54.49851], [-1.06, 54.50032], [-1.05106, 54.49641], [-1.03949, 54.49511], [-1.03389, 54.49291], [-1.03157, 54.49131], [-1.02996, 54.48758], [-1.02728, 54.48567], [-1.02483, 54.48527], [-1.02298, 54.48334], [-1.01905, 54.48249], [-1.01828, 54.478], [-1.01644, 54.47663], [-1.00411, 54.47547], [-0.99943, 54.47601], [-0.98951, 54.47949], [-0.9835, 54.47886], [-0.97995, 54.47193], [-0.97611, 54.46766], [-0.97208, 54.46083], [-0.97404, 54.46123], [-0.98171, 54.45766], [-0.98479, 54.45744], [-0.98839, 54.4588], [-0.99598, 54.45744], [-1.00065, 54.45867], [-1.00788, 54.45825], [-1.01313, 54.46], [-1.03393, 54.45898], [-1.04215, 54.45537], [-1.04159, 54.45507], [-1.0432, 54.45411], [-1.04253, 54.45383], [-1.04348, 54.45282], [-1.04838, 54.45213], [-1.04788, 54.45164], [-1.04883, 54.45178], [-1.05027, 54.45022], [-1.05255, 54.44939], [-1.05749, 54.4409], [-1.05265, 54.43695], [-1.05555, 54.42742], [-1.06468, 54.42113], [-1.05937, 54.41257], [-1.07093, 54.40567], [-1.0818, 54.40501], [-1.07042, 54.39576], [-1.07881, 54.3882], [-1.06722, 54.37546], [-1.06719, 54.36513], [-1.0662, 54.36265], [-1.07048, 54.36102], [-1.07815, 54.36023], [-1.07826, 54.35855], [-1.0853, 54.34708], [-1.09902, 54.32918], [-1.10297, 54.3285], [-1.11511, 54.33028], [-1.11665, 54.32864], [-1.12256, 54.33142], [-1.12078, 54.33318], [-1.12144, 54.33389], [-1.12082, 54.33474], [-1.12105, 54.33702], [-1.11918, 54.3373], [-1.11955, 54.33785], [-1.11857, 54.33871], [-1.11873, 54.34095], [-1.12162, 54.34262], [-1.12087, 54.3438], [-1.12161, 54.34393], [-1.12115, 54.34452], [-1.12179, 54.34523], [-1.12711, 54.34374], [-1.13293, 54.34358], [-1.13329, 54.34457], [-1.13663, 54.34524], [-1.13701, 54.34605], [-1.14065, 54.34588], [-1.14555, 54.34891], [-1.15753, 54.34925], [-1.15931, 54.35971], [-1.16306, 54.3725], [-1.16602, 54.37786], [-1.17218, 54.38186], [-1.18089, 54.37672], [-1.19015, 54.37724], [-1.20873, 54.37377], [-1.22503, 54.37803], [-1.23847, 54.37594], [-1.25086, 54.36126], [-1.25456, 54.35386], [-1.26478, 54.35408], [-1.26371, 54.34899], [-1.26551, 54.34764], [-1.26563, 54.3437], [-1.25849, 54.33665], [-1.24658, 54.33153], [-1.24671, 54.32329], [-1.24949, 54.31535], [-1.24993, 54.31176], [-1.24712, 54.3082], [-1.23167, 54.29946], [-1.22787, 54.29635], [-1.21974, 54.28656], [-1.21893, 54.28311], [-1.21084, 54.26541], [-1.20545, 54.25131], [-1.214, 54.24923], [-1.21212, 54.24544], [-1.21505, 54.2415], [-1.20838, 54.23637], [-1.19701, 54.24108], [-1.19835, 54.23415], [-1.19641, 54.22899], [-1.19666, 54.22633], [-1.19204, 54.22109], [-1.1937, 54.21856], [-1.20019, 54.21632], [-1.19951, 54.2145], [-1.19989, 54.2129], [-1.19703, 54.21063], [-1.19017, 54.20984], [-1.18858, 54.20847], [-1.18921, 54.20781], [-1.18758, 54.20535], [-1.19073, 54.20269], [-1.18931, 54.20018], [-1.18831, 54.20009], [-1.18682, 54.20151], [-1.18166, 54.20132], [-1.17434, 54.20325], [-1.1687, 54.20246], [-1.16515, 54.201], [-1.16419, 54.19957], [-1.15561, 54.19649], [-1.14675, 54.19509], [-1.14455, 54.19375], [-1.14283, 54.19139], [-1.1358, 54.18974], [-1.13497, 54.18904], [-1.1357, 54.1874], [-1.13455, 54.18593], [-1.13301, 54.18599], [-1.12897, 54.1832], [-1.12595, 54.18238], [-1.1261, 54.18053], [-1.12013, 54.18103], [-1.11936, 54.18226], [-1.11764, 54.18293], [-1.11284, 54.18373], [-1.10972, 54.18258], [-1.10553, 54.18289], [-1.09914, 54.18529], [-1.09768, 54.18314], [-1.09815, 54.17846], [-1.09749, 54.17756], [-1.09425, 54.17626], [-1.0888, 54.17549], [-1.08745, 54.17442], [-1.08366, 54.17402], [-1.0806, 54.17209], [-1.08888, 54.16355], [-1.0887, 54.1629], [-1.08263, 54.16063], [-1.07505, 54.15574], [-1.06916, 54.15462], [-1.06765, 54.15354], [-1.06039, 54.15293], [-1.0571, 54.15139], [-1.05632, 54.14991], [-1.05394, 54.14916], [-1.05236, 54.14733], [-1.04838, 54.14683], [-1.04633, 54.14747], [-1.04433, 54.14511], [-1.04074, 54.1436], [-1.0342, 54.14336], [-1.03378, 54.14098], [-1.02931, 54.14045], [-1.02303, 54.13723], [-1.01372, 54.13511], [-1.01281, 54.13307], [-1.01368, 54.13153], [-1.01162, 54.12787], [-1.01253, 54.12674], [-1.00853, 54.12376], [-1.01562, 54.11548], [-1.01593, 54.11467], [-1.01471, 54.11395], [-1.01625, 54.10791], [-1.01946, 54.10782], [-1.02114, 54.10941], [-1.02509, 54.10792], [-1.02504, 54.10661], [-1.04377, 54.10747], [-1.04398, 54.10629], [-1.04013, 54.10088], [-1.03945, 54.09837], [-1.04279, 54.09826], [-1.04575, 54.09622], [-1.04677, 54.09451], [-1.05457, 54.08914], [-1.05775, 54.08818], [-1.06019, 54.08511], [-1.0541, 54.08327], [-1.05478, 54.08287], [-1.0543, 54.08225], [-1.04644, 54.07908], [-1.04945, 54.07571], [-1.04514, 54.07504], [-1.04211, 54.07769], [-1.03909, 54.07569], [-1.03981, 54.07334], [-1.04214, 54.07215], [-1.04279, 54.07101], [-1.04897, 54.06839], [-1.05415, 54.06702], [-1.05564, 54.06739], [-1.05816, 54.06395], [-1.0606, 54.05676], [-1.0597, 54.05659], [-1.05841, 54.05243], [-1.05872, 54.04783], [-1.06216, 54.05012], [-1.08378, 54.04759], [-1.089, 54.04808], [-1.09307, 54.04616], [-1.09427, 54.04661], [-1.0961, 54.04044], [-1.09945, 54.04153], [-1.10107, 54.04095], [-1.09977, 54.0394], [-1.09977, 54.03767], [-1.10707, 54.03739], [-1.11489, 54.03582], [-1.12027, 54.02903], [-1.12758, 54.03101], [-1.14079, 54.02984], [-1.14063, 54.02777], [-1.14481, 54.02549], [-1.14503, 54.02452], [-1.14509, 54.02288], [-1.14237, 54.01894], [-1.14806, 54.01569], [-1.14592, 54.01329], [-1.14374, 54.01264], [-1.14287, 54.01077], [-1.14409, 54.0082], [-1.14717, 54.00662], [-1.14908, 54.00293], [-1.14686, 54.00056], [-1.14056, 53.99734], [-1.14099, 53.996], [-1.13939, 53.99521], [-1.13891, 53.99261], [-1.13699, 53.99107], [-1.14721, 53.989], [-1.1519, 53.98916], [-1.16134, 53.99463], [-1.16718, 53.9963], [-1.17296, 54.00149], [-1.18044, 54.00304], [-1.18466, 54.00617], [-1.19074, 54.0082], [-1.19431, 54.01216], [-1.19926, 54.01184], [-1.20208, 54.01252], [-1.20677, 54.01619], [-1.21843, 54.01442], [-1.21933, 54.01585], [-1.21841, 54.01857], [-1.21881, 54.02132], [-1.21762, 54.02413], [-1.22324, 54.03057], [-1.22291, 54.03347], [-1.22407, 54.03452], [-1.23628, 54.03562], [-1.23893, 54.03324], [-1.24161, 54.03308], [-1.25445, 54.03602], [-1.26643, 54.03508], [-1.27055, 54.03648], [-1.27417, 54.03439], [-1.27753, 54.03522], [-1.2803, 54.0409], [-1.28011, 54.04389], [-1.28181, 54.04676], [-1.28705, 54.04978], [-1.28858, 54.05173], [-1.2879, 54.05417], [-1.28899, 54.05676], [-1.28663, 54.05938], [-1.28732, 54.06152], [-1.28983, 54.0632], [-1.29809, 54.06625], [-1.30045, 54.06946], [-1.30748, 54.07498], [-1.30945, 54.07799], [-1.30984, 54.08016], [-1.31306, 54.08162], [-1.32159, 54.08127], [-1.3251, 54.0825], [-1.33372, 54.0807], [-1.33762, 54.08166], [-1.34514, 54.0905], [-1.34389, 54.09332], [-1.34586, 54.09497], [-1.34723, 54.09914], [-1.34554, 54.10144], [-1.33116, 54.09907], [-1.3309, 54.10066], [-1.32773, 54.10178], [-1.32849, 54.10278], [-1.3312, 54.10322], [-1.33092, 54.10689], [-1.33343, 54.10906], [-1.33607, 54.10868], [-1.33589, 54.10617], [-1.3407, 54.10754], [-1.33837, 54.11147], [-1.33491, 54.11223], [-1.33685, 54.1142], [-1.33424, 54.11736], [-1.33451, 54.12089], [-1.33279, 54.12212], [-1.33798, 54.12486], [-1.33804, 54.12709], [-1.34001, 54.12902], [-1.34053, 54.13396], [-1.34001, 54.13582], [-1.33459, 54.13901], [-1.33308, 54.14123], [-1.33349, 54.143], [-1.33201, 54.14597], [-1.33243, 54.14828], [-1.33473, 54.14961], [-1.33691, 54.14927], [-1.33853, 54.1479], [-1.33947, 54.14818], [-1.33989, 54.14963], [-1.33812, 54.1502], [-1.33754, 54.1513], [-1.33807, 54.15209], [-1.34373, 54.15145], [-1.35159, 54.1541], [-1.35222, 54.1553], [-1.35165, 54.15586], [-1.35055, 54.15435], [-1.34793, 54.15479], [-1.34762, 54.15723], [-1.35188, 54.15795], [-1.34738, 54.15947], [-1.34908, 54.16141], [-1.35194, 54.16063], [-1.35771, 54.16227], [-1.35958, 54.16375], [-1.35932, 54.16599], [-1.36081, 54.16706], [-1.37174, 54.16851], [-1.37552, 54.16766], [-1.38025, 54.16956], [-1.3829, 54.17364], [-1.39028, 54.17461], [-1.3913, 54.17575], [-1.39181, 54.17834], [-1.38947, 54.17964], [-1.39405, 54.18145], [-1.39839, 54.18088], [-1.40183, 54.18171], [-1.41223, 54.18128], [-1.41935, 54.18463], [-1.42588, 54.18481], [-1.43217, 54.18606], [-1.43822, 54.1926], [-1.43809, 54.19435], [-1.43646, 54.19659], [-1.4365, 54.19943], [-1.43825, 54.20182], [-1.43833, 54.2054], [-1.43959, 54.20848], [-1.44309, 54.21105], [-1.44401, 54.21332], [-1.446, 54.21405], [-1.44242, 54.21554], [-1.44262, 54.21602], [-1.45008, 54.21497], [-1.46336, 54.21103], [-1.47477, 54.2062], [-1.48462, 54.2203], [-1.49313, 54.21777], [-1.49209, 54.21588], [-1.4921, 54.21117], [-1.49509, 54.20329], [-1.50109, 54.20424], [-1.50273, 54.20275], [-1.5098, 54.20151], [-1.51001, 54.20037], [-1.51738, 54.19968], [-1.51689, 54.19905], [-1.52043, 54.19768], [-1.52027, 54.1968], [-1.52458, 54.19556], [-1.52604, 54.19597], [-1.52806, 54.19484], [-1.53372, 54.19557], [-1.5393, 54.1954], [-1.54074, 54.19454], [-1.54269, 54.19503], [-1.54591, 54.19262], [-1.55304, 54.19108], [-1.55715, 54.19175], [-1.55831, 54.19099], [-1.56063, 54.19106], [-1.56177, 54.19442], [-1.56608, 54.19583], [-1.56805, 54.19975], [-1.57725, 54.20152], [-1.5787, 54.20244], [-1.57934, 54.20434], [-1.58192, 54.20484], [-1.59786, 54.20111], [-1.5985, 54.19915], [-1.59697, 54.19716], [-1.58886, 54.19669], [-1.59535, 54.19026], [-1.60211, 54.19113], [-1.61037, 54.18887], [-1.61377, 54.18898], [-1.618, 54.1865], [-1.62401, 54.18618], [-1.63012, 54.18945], [-1.63592, 54.18931], [-1.64036, 54.19067], [-1.64064, 54.19266], [-1.63661, 54.1935], [-1.63484, 54.19569], [-1.63288, 54.19617], [-1.63089, 54.19789], [-1.63104, 54.19959], [-1.62978, 54.20048], [-1.63045, 54.20234], [-1.62817, 54.20465], [-1.62804, 54.20637], [-1.62461, 54.20993], [-1.62378, 54.21315], [-1.62438, 54.21561], [-1.62283, 54.21624], [-1.62101, 54.21885], [-1.62469, 54.22277], [-1.62582, 54.22589], [-1.62538, 54.23031], [-1.63463, 54.22922], [-1.6468, 54.23684], [-1.64759, 54.23785], [-1.64556, 54.23852], [-1.63636, 54.23945], [-1.63831, 54.24357], [-1.64441, 54.24655], [-1.64862, 54.2502], [-1.65582, 54.24991], [-1.66039, 54.24794], [-1.6642, 54.2473], [-1.66533, 54.25178], [-1.66783, 54.25223], [-1.67231, 54.25081], [-1.66954, 54.24857], [-1.67009, 54.24763], [-1.67509, 54.24707], [-1.67778, 54.25087], [-1.67946, 54.25736], [-1.68416, 54.25961], [-1.68462, 54.263], [-1.69119, 54.26803], [-1.69077, 54.26923], [-1.69475, 54.27366], [-1.70465, 54.27686], [-1.70355, 54.27772], [-1.70273, 54.27731], [-1.70166, 54.27872], [-1.70525, 54.28553], [-1.69392, 54.28727], [-1.67582, 54.28515], [-1.6602, 54.29051], [-1.66164, 54.29189], [-1.66033, 54.29298], [-1.65105, 54.29436], [-1.65133, 54.29554], [-1.64906, 54.29739], [-1.65024, 54.29756], [-1.64813, 54.29823], [-1.64848, 54.30044], [-1.64983, 54.30058], [-1.64702, 54.30092], [-1.64791, 54.30574], [-1.64958, 54.30777], [-1.64442, 54.30695], [-1.64198, 54.3075], [-1.64174, 54.30999], [-1.64062, 54.31011], [-1.64077, 54.3154], [-1.64227, 54.3171], [-1.64309, 54.32075], [-1.63764, 54.32183], [-1.64162, 54.32321], [-1.63739, 54.32657], [-1.64018, 54.32939], [-1.63889, 54.33834], [-1.63983, 54.34092], [-1.64317, 54.34339], [-1.64189, 54.34358], [-1.64194, 54.34497], [-1.63265, 54.34668], [-1.62636, 54.34669], [-1.61981, 54.34783], [-1.60861, 54.35083], [-1.61523, 54.35706], [-1.61228, 54.35843], [-1.6131, 54.35991], [-1.60622, 54.36377], [-1.60205, 54.36482], [-1.59777, 54.36445], [-1.59605, 54.36233], [-1.59144, 54.36301], [-1.58934, 54.36158], [-1.58431, 54.3644], [-1.58643, 54.36671], [-1.58621, 54.36822], [-1.58693, 54.36854], [-1.58521, 54.37092], [-1.58541, 54.37194], [-1.58238, 54.37308], [-1.58379, 54.37508], [-1.58196, 54.37473], [-1.58411, 54.37541], [-1.58254, 54.37613], [-1.57966, 54.37597], [-1.57943, 54.37704], [-1.57812, 54.37705], [-1.57611, 54.38102], [-1.57486, 54.3811], [-1.57514, 54.38491], [-1.57348, 54.38667], [-1.57445, 54.38857], [-1.57368, 54.38926], [-1.57424, 54.3903], [-1.57363, 54.39038], [-1.57188, 54.39576], [-1.56516, 54.39798], [-1.5609, 54.40081], [-1.5636, 54.40209], [-1.56433, 54.40343], [-1.56981, 54.4042], [-1.57134, 54.40554], [-1.57454, 54.4115], [-1.57646, 54.41331], [-1.5741, 54.41415], [-1.57475, 54.4148], [-1.57286, 54.41549], [-1.5746, 54.41849], [-1.57198, 54.41855], [-1.56477, 54.42065], [-1.55836, 54.42429], [-1.55064, 54.42152], [-1.54404, 54.42421], [-1.54459, 54.42541], [-1.54298, 54.42577], [-1.54841, 54.42811], [-1.54994, 54.42805], [-1.55137, 54.42948], [-1.54978, 54.43247], [-1.55062, 54.43351], [-1.54975, 54.43465], [-1.55079, 54.43758], [-1.54658, 54.44216], [-1.54615, 54.44452], [-1.53355, 54.44644], [-1.52763, 54.4496], [-1.52284, 54.45062], [-1.52016, 54.44989], [-1.51484, 54.45214], [-1.51043, 54.45032], [-1.50841, 54.44816], [-1.50569, 54.44735], [-1.49904, 54.44802], [-1.48617, 54.4476], [-1.48275, 54.44785], [-1.48502, 54.44928], [-1.48633, 54.45338], [-1.48391, 54.4521], [-1.47983, 54.45141], [-1.47204, 54.45559], [-1.46172, 54.45114], [-1.4571, 54.452], [-1.45491, 54.45348], [-1.45578, 54.45592], [-1.46096, 54.45873], [-1.46279, 54.46131], [-1.46196, 54.46289], [-1.45341, 54.46597], [-1.45452, 54.46719], [-1.4597, 54.46906], [-1.46018, 54.4713], [-1.46379, 54.47354], [-1.46136, 54.4784], [-1.45757, 54.48147], [-1.46133, 54.4847], [-1.46182, 54.48594], [-1.4584, 54.49124], [-1.45846, 54.49283], [-1.45989, 54.49512], [-1.46248, 54.49635], [-1.47402, 54.49641], [-1.47555, 54.49857], [-1.47494, 54.5003], [-1.47316, 54.50144], [-1.4621, 54.50423], [-1.45811, 54.50377], [-1.45189, 54.49735], [-1.4465, 54.49441], [-1.44288, 54.4909], [-1.42657, 54.48477], [-1.42799, 54.48298], [-1.43319, 54.48093], [-1.43295, 54.47995], [-1.43107, 54.47921], [-1.42313, 54.47887], [-1.4171, 54.47699], [-1.41246, 54.47723], [-1.40946, 54.47885], [-1.40767, 54.4839], [-1.40993, 54.48959], [-1.40862, 54.49205], [-1.40666, 54.49355], [-1.40235, 54.49412], [-1.39961, 54.49293], [-1.39818, 54.49099], [-1.39888, 54.48787], [-1.39718, 54.48621], [-1.39476, 54.48557], [-1.38317, 54.48699], [-1.38178, 54.48815], [-1.3827, 54.49146], [-1.38091, 54.49391], [-1.37575, 54.49062], [-1.37372, 54.48837], [-1.37196, 54.48799], [-1.37029, 54.48613], [-1.37192, 54.48481], [-1.37437, 54.48422], [-1.37493, 54.47987], [-1.37384, 54.47443], [-1.37433, 54.47405], [-1.36441, 54.46594], [-1.35628, 54.47296], [-1.35303, 54.47241], [-1.3509, 54.47341], [-1.34782, 54.47232], [-1.3449, 54.4724], [-1.34381, 54.47105], [-1.34467, 54.47071], [-1.34412, 54.46953], [-1.34478, 54.46902], [-1.34269, 54.46844], [-1.3423, 54.46765], [-1.34471, 54.46601], [-1.34362, 54.46414], [-1.3235, 54.47142], [-1.3183, 54.47219], [-1.3131, 54.47727], [-1.31079, 54.47751], [-1.30879, 54.47648], [-1.30664, 54.47782], [-1.30317, 54.47842], [-1.30205, 54.47795], [-1.30231, 54.4768], [-1.30157, 54.47641], [-1.30308, 54.4759], [-1.30042, 54.4758], [-1.29694, 54.47949], [-1.29353, 54.4796], [-1.29158, 54.48343], [-1.29038, 54.48343], [-1.29073, 54.48193], [-1.2886, 54.48179], [-1.2867, 54.48272], [-1.28781, 54.48635], [-1.28958, 54.48797], [-1.28548, 54.48781], [-1.284, 54.48927], [-1.28105, 54.49041], [-1.27769, 54.48973], [-1.27451, 54.49107], [-1.27281, 54.49027], [-1.27309, 54.48926], [-1.26929, 54.4883], [-1.25739, 54.48731], [-1.25665, 54.49116], [-1.25721, 54.4932], [-1.25476, 54.49524], [-1.25454, 54.49659], [-1.25325, 54.49777], [-1.25666, 54.5011], [-1.24849, 54.50117], [-1.24608, 54.50218], [-1.24474, 54.50135], [-1.24231, 54.50165], [-1.2385, 54.50622], [-1.23437, 54.50613], [-1.23485, 54.5103], [-1.23171, 54.51141], [-1.23043, 54.51099], [-1.23059, 54.51187], [-1.2276, 54.51198]]]}}, {"type": "Feature", "properties": {"name": "Harrogate", "county": "North Yorkshire"}, "geometry": {"type": "Polygon", "coordinates": [[[-1.68416, 54.25961], [-1.67946, 54.25736], [-1.67778, 54.25087], [-1.67596, 54.24763], [-1.67417, 54.24679], [-1.67009, 54.24763], [-1.66954, 54.24857], [-1.67231, 54.25081], [-1.66783, 54.25223], [-1.66533, 54.25178], [-1.6642, 54.2473], [-1.66039, 54.24794], [-1.65582, 54.24991], [-1.64862, 54.2502], [-1.64441, 54.24655], [-1.63831, 54.24357], [-1.63636, 54.23945], [-1.64556, 54.23852], [-1.64759, 54.23785], [-1.6468, 54.23684], [-1.63463, 54.22922], [-1.62538, 54.23031], [-1.62582, 54.22589], [-1.62469, 54.22277], [-1.62101, 54.21885], [-1.62283, 54.21624], [-1.62438, 54.21561], [-1.62378, 54.21315], [-1.62461, 54.20993], [-1.62804, 54.20637], [-1.62817, 54.20465], [-1.63045, 54.20234], [-1.62978, 54.20048], [-1.63104, 54.19959], [-1.63089, 54.19789], [-1.63288, 54.19617], [-1.63484, 54.19569], [-1.63661, 54.1935], [-1.64064, 54.19266], [-1.64036, 54.19067], [-1.63785, 54.18978], [-1.63012, 54.18945], [-1.62219, 54.18583], [-1.618, 54.1865], [-1.61377, 54.18898], [-1.61037, 54.18887], [-1.60211, 54.19113], [-1.59535, 54.19026], [-1.58886, 54.19669], [-1.59697, 54.19716], [-1.5985, 54.19915], [-1.59786, 54.20111], [-1.58192, 54.20484], [-1.57934, 54.20434], [-1.5787, 54.20244], [-1.57725, 54.20152], [-1.56805, 54.19975], [-1.56608, 54.19583], [-1.56177, 54.19442], [-1.56063, 54.19106], [-1.55831, 54.19099], [-1.55715, 54.19175], [-1.55304, 54.19108], [-1.55001, 54.19157], [-1.54591, 54.19262], [-1.54269, 54.19503], [-1.54074, 54.19454], [-1.5393, 54.1954], [-1.53372, 54.19557], [-1.52806, 54.19484], [-1.52604, 54.19597], [-1.52458, 54.19556], [-1.52027, 54.1968], [-1.52043, 54.19768], [-1.51689, 54.19905], [-1.51738, 54.19968], [-1.51001, 54.20037], [-1.5098, 54.20151], [-1.50273, 54.20275], [-1.50109, 54.20424], [-1.49509, 54.20329], [-1.4921, 54.21117], [-1.49209, 54.21588], [-1.49313, 54.21777], [-1.48462, 54.2203], [-1.47477, 54.2062], [-1.46336, 54.21103], [-1.45008, 54.21497], [-1.44262, 54.21602], [-1.44242, 54.21554], [-1.446, 54.21405], [-1.44401, 54.21332], [-1.44309, 54.21105], [-1.43959, 54.20848], [-1.43833, 54.2054], [-1.43825, 54.20182], [-1.4365, 54.19943], [-1.43646, 54.19659], [-1.43809, 54.19435], [-1.43822, 54.1926], [-1.43217, 54.18606], [-1.42588, 54.18481], [-1.41935, 54.18463], [-1.41223, 54.18128], [-1.40183, 54.18171], [-1.39839, 54.18088], [-1.39405, 54.18145], [-1.38947, 54.17964], [-1.39181, 54.17834], [-1.3913, 54.17575], [-1.39028, 54.17461], [-1.3829, 54.17364], [-1.38025, 54.16956], [-1.37866, 54.16857], [-1.37552, 54.16766], [-1.37174, 54.16851], [-1.36081, 54.16706], [-1.35932, 54.16599], [-1.35958, 54.16375], [-1.35771, 54.16227], [-1.35194, 54.16063], [-1.34908, 54.16141], [-1.34756, 54.15899], [-1.35188, 54.15795], [-1.34804, 54.1576], [-1.34793, 54.15479], [-1.35055, 54.15435], [-1.35165, 54.15586], [-1.35222, 54.1553], [-1.35159, 54.1541], [-1.34373, 54.15145], [-1.33807, 54.15209], [-1.33754, 54.1513], [-1.33812, 54.1502], [-1.33989, 54.14963], [-1.33947, 54.14818], [-1.33757, 54.14806], [-1.33691, 54.14927], [-1.33473, 54.14961], [-1.33243, 54.14828], [-1.33201, 54.14597], [-1.33349, 54.143], [-1.33308, 54.14123], [-1.33459, 54.13901], [-1.34001, 54.13582], [-1.34053, 54.13396], [-1.34001, 54.12902], [-1.33804, 54.12709], [-1.33798, 54.12486], [-1.33279, 54.12212], [-1.33451, 54.12089], [-1.33424, 54.11736], [-1.33685, 54.1142], [-1.33491, 54.11223], [-1.33837, 54.11147], [-1.3407, 54.10754], [-1.33589, 54.10617], [-1.33607, 54.10868], [-1.33343, 54.10906], [-1.33092, 54.10689], [-1.3312, 54.10322], [-1.32849, 54.10278], [-1.32773, 54.10178], [-1.3309, 54.10066], [-1.33116, 54.09907], [-1.34554, 54.10144], [-1.34723, 54.09914], [-1.34586, 54.09497], [-1.34389, 54.09332], [-1.34514, 54.0905], [-1.33762, 54.08166], [-1.33372, 54.0807], [-1.3251, 54.0825], [-1.32159, 54.08127], [-1.31306, 54.08162], [-1.30984, 54.08016], [-1.30945, 54.07799], [-1.30748, 54.07498], [-1.30045, 54.06946], [-1.29809, 54.06625], [-1.28983, 54.0632], [-1.28732, 54.06152], [-1.28663, 54.05938], [-1.28899, 54.05676], [-1.2879, 54.05417], [-1.28858, 54.05173], [-1.28705, 54.04978], [-1.28181, 54.04676], [-1.28011, 54.04389], [-1.2803, 54.0409], [-1.27753, 54.03522], [-1.27417, 54.03439], [-1.27055, 54.03648], [-1.26643, 54.03508], [-1.25445, 54.03602], [-1.24161, 54.03308], [-1.23893, 54.03324], [-1.23628, 54.03562], [-1.22407, 54.03452], [-1.22291, 54.03347], [-1.22324, 54.03057], [-1.21762, 54.02413], [-1.21881, 54.02132], [-1.21841, 54.01857], [-1.21933, 54.01585], [-1.21843, 54.01442], [-1.20677, 54.01619], [-1.20208, 54.01252], [-1.19926, 54.01184], [-1.19431, 54.01216], [-1.19074, 54.0082], [-1.18466, 54.00617], [-1.18044, 54.00304], [-1.17513, 54.00162], [-1.1782, 54.00049], [-1.17951, 53.99884], [-1.18343, 54.00104], [-1.18856, 54.00247], [-1.19193, 54.0005], [-1.1894, 53.998], [-1.18663, 53.99815], [-1.18328, 53.9962], [-1.18061, 53.9898], [-1.1821, 53.98533], [-1.18574, 53.98377], [-1.18644, 53.98438], [-1.19221, 53.98417], [-1.19729, 53.98684], [-1.19753, 53.98837], [-1.20031, 53.98901], [-1.20339, 53.98665], [-1.21328, 53.98522], [-1.21651, 53.98557], [-1.21735, 53.98325], [-1.22074, 53.98146], [-1.2221, 53.97932], [-1.22238, 53.9765], [-1.22351, 53.97549], [-1.22369, 53.97465], [-1.2216, 53.97265], [-1.22089, 53.96915], [-1.21748, 53.96598], [-1.21981, 53.96375], [-1.21991, 53.96262], [-1.21303, 53.95665], [-1.21182, 53.95418], [-1.20899, 53.95123], [-1.20738, 53.94549], [-1.20413, 53.94347], [-1.20344, 53.94208], [-1.20387, 53.94123], [-1.19989, 53.93453], [-1.20014, 53.93237], [-1.19773, 53.92931], [-1.19799, 53.92864], [-1.20007, 53.92845], [-1.20011, 53.92645], [-1.1976, 53.92387], [-1.19605, 53.92349], [-1.19563, 53.92236], [-1.20212, 53.92305], [-1.20512, 53.92443], [-1.20514, 53.92561], [-1.2143, 53.9263], [-1.2176, 53.92598], [-1.21796, 53.92498], [-1.22178, 53.92503], [-1.22803, 53.9292], [-1.22719, 53.92992], [-1.22767, 53.93179], [-1.23527, 53.93499], [-1.23868, 53.93262], [-1.24494, 53.93159], [-1.2519, 53.93558], [-1.26257, 53.93431], [-1.26545, 53.93501], [-1.27085, 53.93464], [-1.26893, 53.93146], [-1.26596, 53.93039], [-1.26269, 53.92775], [-1.26343, 53.92585], [-1.26195, 53.92324], [-1.26376, 53.92034], [-1.2608, 53.9198], [-1.27026, 53.91696], [-1.26755, 53.91413], [-1.26799, 53.91113], [-1.27012, 53.90665], [-1.26923, 53.90202], [-1.26678, 53.89947], [-1.27209, 53.8958], [-1.27353, 53.89358], [-1.27558, 53.89335], [-1.27855, 53.89141], [-1.27924, 53.89255], [-1.28168, 53.89266], [-1.28171, 53.89489], [-1.28456, 53.89468], [-1.2837, 53.89738], [-1.29165, 53.89972], [-1.29147, 53.90088], [-1.28878, 53.90102], [-1.28696, 53.90219], [-1.28545, 53.90091], [-1.28385, 53.90084], [-1.28214, 53.9015], [-1.28245, 53.9022], [-1.28919, 53.90441], [-1.29672, 53.9025], [-1.29768, 53.90284], [-1.2966, 53.90442], [-1.29727, 53.90484], [-1.30387, 53.90443], [-1.30848, 53.90545], [-1.31388, 53.90499], [-1.30058, 53.90747], [-1.30201, 53.90967], [-1.30119, 53.91453], [-1.30008, 53.91909], [-1.2972, 53.92166], [-1.29845, 53.92197], [-1.30033, 53.92065], [-1.30142, 53.92118], [-1.30093, 53.92235], [-1.3053, 53.92114], [-1.3073, 53.92148], [-1.30424, 53.92495], [-1.29417, 53.92705], [-1.29676, 53.92864], [-1.30041, 53.9294], [-1.30222, 53.92739], [-1.30527, 53.92711], [-1.30659, 53.92428], [-1.30899, 53.92408], [-1.30696, 53.93441], [-1.32058, 53.93603], [-1.3211, 53.937], [-1.32281, 53.93655], [-1.32556, 53.93792], [-1.3311, 53.93847], [-1.33245, 53.93974], [-1.33503, 53.93946], [-1.33627, 53.93848], [-1.33752, 53.94012], [-1.33953, 53.94079], [-1.34471, 53.93948], [-1.34393, 53.93991], [-1.34285, 53.94326], [-1.33983, 53.94555], [-1.3404, 53.94587], [-1.34279, 53.94493], [-1.35238, 53.94423], [-1.35855, 53.94168], [-1.36195, 53.94147], [-1.37037, 53.94303], [-1.37496, 53.94095], [-1.38168, 53.94047], [-1.38647, 53.94317], [-1.39665, 53.94188], [-1.39718, 53.94252], [-1.3999, 53.94141], [-1.40065, 53.93748], [-1.40919, 53.93545], [-1.40846, 53.93494], [-1.41062, 53.93014], [-1.4067, 53.92783], [-1.41883, 53.9281], [-1.42811, 53.92942], [-1.42978, 53.92888], [-1.43355, 53.92634], [-1.43146, 53.92323], [-1.43211, 53.92081], [-1.43013, 53.9138], [-1.43139, 53.91326], [-1.43243, 53.91119], [-1.4344, 53.91016], [-1.43643, 53.91333], [-1.44044, 53.91389], [-1.44287, 53.9129], [-1.44551, 53.90966], [-1.45092, 53.90712], [-1.45705, 53.90731], [-1.46309, 53.906], [-1.46524, 53.90697], [-1.46551, 53.90961], [-1.46829, 53.911], [-1.47543, 53.91156], [-1.48602, 53.9109], [-1.48924, 53.91193], [-1.49343, 53.91513], [-1.49877, 53.91529], [-1.50772, 53.91175], [-1.52144, 53.91131], [-1.52859, 53.90868], [-1.53629, 53.91018], [-1.54351, 53.91], [-1.54879, 53.9109], [-1.54941, 53.91068], [-1.5491, 53.90865], [-1.55048, 53.90693], [-1.55023, 53.9041], [-1.55122, 53.90305], [-1.55704, 53.90486], [-1.56288, 53.90391], [-1.56621, 53.90996], [-1.56773, 53.91078], [-1.58289, 53.90934], [-1.58431, 53.90897], [-1.58547, 53.90714], [-1.58624, 53.90448], [-1.58518, 53.90249], [-1.58565, 53.90148], [-1.58685, 53.90124], [-1.59293, 53.90197], [-1.59924, 53.90397], [-1.60177, 53.90684], [-1.60131, 53.90791], [-1.59889, 53.90887], [-1.59999, 53.90976], [-1.60718, 53.90897], [-1.61203, 53.90617], [-1.62053, 53.90338], [-1.62792, 53.90531], [-1.63792, 53.90553], [-1.64226, 53.90735], [-1.65202, 53.90571], [-1.65441, 53.90832], [-1.65226, 53.911], [-1.65508, 53.91247], [-1.66519, 53.91309], [-1.6705, 53.91125], [-1.68462, 53.91057], [-1.68457, 53.91197], [-1.68819, 53.91173], [-1.68917, 53.91263], [-1.68702, 53.91637], [-1.69016, 53.9167], [-1.69032, 53.91739], [-1.69634, 53.91712], [-1.69691, 53.91767], [-1.69861, 53.91678], [-1.70224, 53.91843], [-1.70477, 53.91818], [-1.70708, 53.91912], [-1.70611, 53.91706], [-1.70803, 53.91699], [-1.70895, 53.91802], [-1.71643, 53.91762], [-1.71758, 53.9118], [-1.7187, 53.91046], [-1.71795, 53.90853], [-1.72231, 53.91194], [-1.72565, 53.91055], [-1.72901, 53.91031], [-1.7387, 53.91288], [-1.74216, 53.91457], [-1.74599, 53.91852], [-1.74607, 53.92089], [-1.74504, 53.92236], [-1.74562, 53.92299], [-1.7555, 53.92103], [-1.76542, 53.92471], [-1.76782, 53.924], [-1.76896, 53.92155], [-1.77228, 53.92087], [-1.77598, 53.92147], [-1.77993, 53.9254], [-1.78244, 53.92943], [-1.79801, 53.9297], [-1.79849, 53.93015], [-1.79636, 53.93089], [-1.79627, 53.93355], [-1.79738, 53.9342], [-1.79749, 53.93647], [-1.80286, 53.93594], [-1.80354, 53.93792], [-1.80509, 53.93901], [-1.82015, 53.93804], [-1.82339, 53.93834], [-1.82402, 53.93903], [-1.8302, 53.938], [-1.83012, 53.94037], [-1.84172, 53.93936], [-1.84769, 53.94076], [-1.84865, 53.93601], [-1.837, 53.93235], [-1.8362, 53.93141], [-1.83989, 53.93151], [-1.84333, 53.93295], [-1.85223, 53.93096], [-1.86083, 53.93289], [-1.86298, 53.93443], [-1.86173, 53.93911], [-1.8621, 53.94055], [-1.87415, 53.94507], [-1.87629, 53.94889], [-1.87627, 53.95128], [-1.87888, 53.95426], [-1.87599, 53.955], [-1.8704, 53.95442], [-1.8652, 53.95595], [-1.86115, 53.959], [-1.86316, 53.96194], [-1.8499, 53.96571], [-1.82489, 53.97625], [-1.81673, 53.97812], [-1.81774, 53.98013], [-1.8222, 53.98348], [-1.82676, 53.98565], [-1.82489, 53.9863], [-1.8245, 53.98733], [-1.82326, 53.98777], [-1.82316, 53.98905], [-1.82163, 53.98991], [-1.82162, 53.99094], [-1.81876, 53.99251], [-1.81952, 53.9964], [-1.82276, 53.99742], [-1.83097, 54.00344], [-1.8314, 54.00931], [-1.83491, 54.01351], [-1.83736, 54.0149], [-1.84804, 54.01366], [-1.85347, 54.02876], [-1.87242, 54.0356], [-1.86867, 54.04204], [-1.87036, 54.04448], [-1.87352, 54.04603], [-1.86665, 54.04966], [-1.85968, 54.05211], [-1.85372, 54.05311], [-1.85278, 54.0577], [-1.85, 54.0619], [-1.84221, 54.06786], [-1.84058, 54.07056], [-1.86172, 54.08053], [-1.86711, 54.09768], [-1.87132, 54.09951], [-1.87596, 54.10006], [-1.87977, 54.10221], [-1.88734, 54.10245], [-1.891, 54.1044], [-1.89511, 54.11378], [-1.90056, 54.11639], [-1.90561, 54.12246], [-1.92269, 54.12035], [-1.94726, 54.12502], [-1.9496, 54.12641], [-1.95714, 54.13255], [-1.95738, 54.13558], [-1.95529, 54.13674], [-1.95423, 54.14309], [-1.96358, 54.15212], [-1.96661, 54.15319], [-1.97249, 54.15807], [-1.98688, 54.15661], [-1.98841, 54.1553], [-1.99254, 54.15527], [-1.99757, 54.16066], [-1.99775, 54.16518], [-2.0045, 54.17287], [-2.00378, 54.17445], [-2.00192, 54.17635], [-1.98019, 54.18771], [-1.96992, 54.19132], [-1.94216, 54.1991], [-1.9244, 54.20015], [-1.89561, 54.21034], [-1.88644, 54.21], [-1.8816, 54.21861], [-1.87944, 54.22027], [-1.86216, 54.22279], [-1.84669, 54.22736], [-1.8374, 54.23142], [-1.82806, 54.23163], [-1.8163, 54.24069], [-1.82333, 54.24748], [-1.75596, 54.23935], [-1.7388, 54.24859], [-1.73715, 54.25039], [-1.73949, 54.25184], [-1.73712, 54.25422], [-1.72618, 54.25607], [-1.72425, 54.25617], [-1.72422, 54.25537], [-1.72299, 54.25484], [-1.71968, 54.25513], [-1.7173, 54.25724], [-1.70928, 54.25558], [-1.70678, 54.25808], [-1.70698, 54.25917], [-1.70456, 54.26082], [-1.70113, 54.25645], [-1.69882, 54.25641], [-1.68954, 54.25928], [-1.68736, 54.25919], [-1.68543, 54.26026], [-1.68518, 54.26159], [-1.68446, 54.26159], [-1.68416, 54.25961]]]}}, {"type": "Feature", "properties": {"name": "Richmondshire", "county": "North Yorkshire"}, "geometry": {"type": "Polygon", "coordinates": [[[-1.68362, 54.53347], [-1.67928, 54.53362], [-1.67323, 54.53537], [-1.66063, 54.53519], [-1.65793, 54.53458], [-1.65557, 54.53297], [-1.65497, 54.53041], [-1.65691, 54.5282], [-1.65702, 54.52637], [-1.65467, 54.52464], [-1.6463, 54.52425], [-1.64004, 54.52566], [-1.63433, 54.52563], [-1.63228, 54.524], [-1.63173, 54.52254], [-1.63292, 54.51869], [-1.63508, 54.51756], [-1.63962, 54.51777], [-1.64018, 54.51708], [-1.63332, 54.5141], [-1.62855, 54.51378], [-1.62357, 54.51464], [-1.61871, 54.51644], [-1.61429, 54.51953], [-1.6121, 54.51998], [-1.60395, 54.51935], [-1.60061, 54.51709], [-1.60106, 54.5148], [-1.60368, 54.51204], [-1.60263, 54.51057], [-1.59464, 54.51234], [-1.58106, 54.51283], [-1.57955, 54.51108], [-1.5813, 54.50948], [-1.59135, 54.50584], [-1.59187, 54.50429], [-1.5895, 54.50359], [-1.58112, 54.50532], [-1.57911, 54.5051], [-1.57874, 54.50387], [-1.58021, 54.50049], [-1.58352, 54.49774], [-1.58293, 54.49706], [-1.57699, 54.49439], [-1.5733, 54.49015], [-1.55519, 54.48497], [-1.55371, 54.47879], [-1.55112, 54.47449], [-1.54566, 54.47123], [-1.5337, 54.46919], [-1.52014, 54.47083], [-1.51954, 54.47256], [-1.52063, 54.4735], [-1.52446, 54.47463], [-1.52859, 54.47477], [-1.53014, 54.47574], [-1.5313, 54.48058], [-1.5306, 54.48352], [-1.52915, 54.48471], [-1.51807, 54.48502], [-1.51412, 54.48376], [-1.51199, 54.48114], [-1.51436, 54.4779], [-1.5143, 54.47656], [-1.51312, 54.47534], [-1.51133, 54.475], [-1.50973, 54.47553], [-1.50686, 54.47847], [-1.50541, 54.48231], [-1.49688, 54.48581], [-1.49177, 54.48619], [-1.49052, 54.48515], [-1.49131, 54.48327], [-1.49323, 54.48141], [-1.49934, 54.47808], [-1.49904, 54.47567], [-1.49667, 54.47437], [-1.48702, 54.47298], [-1.47908, 54.47531], [-1.47761, 54.475], [-1.47458, 54.47278], [-1.47395, 54.46788], [-1.46797, 54.46314], [-1.46783, 54.46083], [-1.46884, 54.45934], [-1.4722, 54.45745], [-1.47204, 54.45559], [-1.47706, 54.45244], [-1.47983, 54.45141], [-1.48391, 54.4521], [-1.48633, 54.45338], [-1.48502, 54.44928], [-1.48275, 54.44785], [-1.49904, 54.44802], [-1.50569, 54.44735], [-1.50841, 54.44816], [-1.51043, 54.45032], [-1.51484, 54.45214], [-1.52016, 54.44989], [-1.52284, 54.45062], [-1.52763, 54.4496], [-1.53355, 54.44644], [-1.54615, 54.44452], [-1.54658, 54.44216], [-1.55079, 54.43758], [-1.54975, 54.43465], [-1.55062, 54.43351], [-1.54978, 54.43247], [-1.55137, 54.42948], [-1.54994, 54.42805], [-1.54841, 54.42811], [-1.54298, 54.42577], [-1.54459, 54.42541], [-1.54404, 54.42421], [-1.55064, 54.42152], [-1.55836, 54.42429], [-1.56477, 54.42065], [-1.57198, 54.41855], [-1.5746, 54.41849], [-1.57286, 54.41549], [-1.57475, 54.4148], [-1.5741, 54.41415], [-1.57646, 54.41331], [-1.57454, 54.4115], [-1.57134, 54.40554], [-1.56981, 54.4042], [-1.56433, 54.40343], [-1.5636, 54.40209], [-1.5609, 54.40081], [-1.56516, 54.39798], [-1.57188, 54.39576], [-1.57363, 54.39038], [-1.57424, 54.3903], [-1.57368, 54.38926], [-1.57445, 54.38857], [-1.57348, 54.38667], [-1.57514, 54.38491], [-1.57486, 54.3811], [-1.57611, 54.38102], [-1.57812, 54.37705], [-1.57943, 54.37704], [-1.57966, 54.37597], [-1.58254, 54.37613], [-1.58411, 54.37541], [-1.58196, 54.37473], [-1.58379, 54.37508], [-1.58238, 54.37308], [-1.58541, 54.37194], [-1.58521, 54.37092], [-1.58693, 54.36854], [-1.58621, 54.36822], [-1.58643, 54.36671], [-1.58431, 54.3644], [-1.58591, 54.363], [-1.58847, 54.36262], [-1.58934, 54.36158], [-1.59144, 54.36301], [-1.59605, 54.36233], [-1.59777, 54.36445], [-1.60205, 54.36482], [-1.60622, 54.36377], [-1.6131, 54.35991], [-1.61228, 54.35843], [-1.61523, 54.35706], [-1.60861, 54.35083], [-1.61981, 54.34783], [-1.62636, 54.34669], [-1.63265, 54.34668], [-1.64194, 54.34497], [-1.64189, 54.34358], [-1.64317, 54.34339], [-1.63983, 54.34092], [-1.63889, 54.33834], [-1.64018, 54.32939], [-1.63739, 54.32657], [-1.64162, 54.32321], [-1.63764, 54.32183], [-1.64309, 54.32075], [-1.64227, 54.3171], [-1.64077, 54.3154], [-1.64062, 54.31011], [-1.64174, 54.30999], [-1.64198, 54.3075], [-1.64442, 54.30695], [-1.64958, 54.30777], [-1.64791, 54.30574], [-1.64702, 54.30092], [-1.64983, 54.30058], [-1.64848, 54.30044], [-1.64813, 54.29823], [-1.65024, 54.29756], [-1.64906, 54.29739], [-1.65133, 54.29554], [-1.65105, 54.29436], [-1.66033, 54.29298], [-1.66164, 54.29189], [-1.6602, 54.29051], [-1.67582, 54.28515], [-1.69392, 54.28727], [-1.70525, 54.28553], [-1.70166, 54.27872], [-1.70273, 54.27731], [-1.70355, 54.27772], [-1.70465, 54.27686], [-1.69475, 54.27366], [-1.69077, 54.26923], [-1.69119, 54.26803], [-1.68462, 54.263], [-1.68446, 54.26159], [-1.68736, 54.25919], [-1.68954, 54.25928], [-1.69882, 54.25641], [-1.70113, 54.25645], [-1.70456, 54.26082], [-1.70698, 54.25917], [-1.70678, 54.25808], [-1.70928, 54.25558], [-1.7173, 54.25724], [-1.71968, 54.25513], [-1.72299, 54.25484], [-1.72422, 54.25537], [-1.72425, 54.25617], [-1.72618, 54.25607], [-1.73712, 54.25422], [-1.73949, 54.25184], [-1.73715, 54.25039], [-1.7388, 54.24859], [-1.75596, 54.23935], [-1.82333, 54.24748], [-1.8163, 54.24069], [-1.82806, 54.23163], [-1.8374, 54.23142], [-1.84669, 54.22736], [-1.86216, 54.22279], [-1.87944, 54.22027], [-1.8816, 54.21861], [-1.88644, 54.21], [-1.89561, 54.21034], [-1.9244, 54.20015], [-1.94216, 54.1991], [-1.96992, 54.19132], [-1.98019, 54.18771], [-1.9949, 54.18021], [-2.00192, 54.17635], [-2.0045, 54.17287], [-2.01471, 54.17278], [-2.01855, 54.17617], [-2.02283, 54.17676], [-2.02388, 54.17596], [-2.02695, 54.17615], [-2.03139, 54.17479], [-2.03473, 54.17578], [-2.03417, 54.18042], [-2.04435, 54.18255], [-2.04578, 54.18187], [-2.04939, 54.18577], [-2.0511, 54.18909], [-2.05033, 54.19], [-2.05426, 54.19489], [-2.05932, 54.19647], [-2.06134, 54.2026], [-2.06043, 54.20877], [-2.06087, 54.21031], [-2.07112, 54.21311], [-2.07918, 54.21837], [-2.0825, 54.2187], [-2.08393, 54.22028], [-2.08709, 54.22097], [-2.08663, 54.22124], [-2.09052, 54.22363], [-2.09504, 54.22796], [-2.09921, 54.23005], [-2.10003, 54.23195], [-2.10876, 54.23184], [-2.11345, 54.23255], [-2.11819, 54.2296], [-2.12469, 54.22792], [-2.12626, 54.22641], [-2.12893, 54.22563], [-2.14047, 54.22528], [-2.14217, 54.22631], [-2.14353, 54.23003], [-2.14307, 54.23323], [-2.14383, 54.23502], [-2.14788, 54.23416], [-2.15069, 54.23256], [-2.15253, 54.23437], [-2.1516, 54.23558], [-2.15668, 54.23465], [-2.15915, 54.23365], [-2.16075, 54.23134], [-2.16664, 54.2283], [-2.17194, 54.22847], [-2.17982, 54.23502], [-2.18502, 54.23828], [-2.18715, 54.23881], [-2.1911, 54.24307], [-2.19493, 54.24531], [-2.19465, 54.24591], [-2.19779, 54.24737], [-2.21221, 54.2478], [-2.21423, 54.24844], [-2.21464, 54.24976], [-2.22089, 54.25103], [-2.22921, 54.25217], [-2.2314, 54.25028], [-2.23565, 54.25123], [-2.23756, 54.24978], [-2.24258, 54.24809], [-2.24666, 54.24939], [-2.25213, 54.24933], [-2.26508, 54.24486], [-2.27402, 54.243], [-2.27567, 54.24108], [-2.27788, 54.24102], [-2.28046, 54.2394], [-2.28275, 54.2395], [-2.28332, 54.23855], [-2.286, 54.23944], [-2.2874, 54.24147], [-2.28689, 54.24324], [-2.2897, 54.24513], [-2.29133, 54.2516], [-2.29276, 54.25261], [-2.29427, 54.25329], [-2.29697, 54.25099], [-2.3051, 54.24933], [-2.30733, 54.25006], [-2.31811, 54.25587], [-2.31909, 54.25714], [-2.32082, 54.25992], [-2.31805, 54.26358], [-2.31828, 54.26589], [-2.3161, 54.26784], [-2.31551, 54.27027], [-2.3194, 54.27446], [-2.32118, 54.27511], [-2.32174, 54.27733], [-2.32379, 54.2793], [-2.32589, 54.27968], [-2.3217, 54.28172], [-2.32112, 54.28222], [-2.32165, 54.28312], [-2.31908, 54.28381], [-2.31719, 54.28715], [-2.32417, 54.29359], [-2.32229, 54.29519], [-2.32039, 54.29903], [-2.32043, 54.29998], [-2.32434, 54.30076], [-2.32452, 54.30317], [-2.3204, 54.30676], [-2.32303, 54.31107], [-2.32015, 54.31207], [-2.31867, 54.31128], [-2.31497, 54.31358], [-2.30984, 54.3243], [-2.31246, 54.3249], [-2.31499, 54.32711], [-2.31805, 54.32809], [-2.3202, 54.33174], [-2.32816, 54.33214], [-2.33475, 54.33493], [-2.33521, 54.33584], [-2.3345, 54.33787], [-2.33576, 54.34042], [-2.34023, 54.3427], [-2.34792, 54.34513], [-2.34813, 54.34677], [-2.35967, 54.35026], [-2.36156, 54.35242], [-2.36715, 54.35492], [-2.36771, 54.35606], [-2.36615, 54.35503], [-2.36074, 54.35494], [-2.35643, 54.35592], [-2.35573, 54.3572], [-2.35287, 54.35832], [-2.34464, 54.35962], [-2.34271, 54.36164], [-2.33825, 54.36382], [-2.33455, 54.36381], [-2.32995, 54.36712], [-2.32609, 54.36809], [-2.3203, 54.37244], [-2.31704, 54.3763], [-2.29744, 54.37689], [-2.29206, 54.38419], [-2.29322, 54.3868], [-2.29542, 54.38714], [-2.29227, 54.38869], [-2.29198, 54.39148], [-2.29552, 54.39244], [-2.30164, 54.39619], [-2.3055, 54.39711], [-2.30634, 54.39875], [-2.30478, 54.40189], [-2.30741, 54.40429], [-2.30568, 54.40758], [-2.30821, 54.41648], [-2.30798, 54.42068], [-2.3056, 54.42242], [-2.30353, 54.42615], [-2.29943, 54.42703], [-2.29453, 54.43126], [-2.29185, 54.43145], [-2.29234, 54.43266], [-2.29149, 54.43605], [-2.29286, 54.4393], [-2.28431, 54.43843], [-2.27134, 54.44091], [-2.27033, 54.4419], [-2.26537, 54.44292], [-2.2679, 54.44722], [-2.26272, 54.44865], [-2.25986, 54.44851], [-2.25676, 54.45016], [-2.24953, 54.45193], [-2.24623, 54.45177], [-2.24411, 54.45006], [-2.23873, 54.44987], [-2.23561, 54.44822], [-2.18931, 54.44897], [-2.1775, 54.46162], [-2.17057, 54.46113], [-2.17193, 54.45946], [-2.17021, 54.45819], [-2.16479, 54.45651], [-2.15987, 54.4565], [-2.15926, 54.45547], [-2.15011, 54.45995], [-2.13888, 54.46164], [-2.12656, 54.46209], [-2.123, 54.46151], [-2.11659, 54.46225], [-2.1143, 54.46418], [-2.10443, 54.4649], [-2.09475, 54.46729], [-2.08639, 54.46838], [-2.08162, 54.46986], [-2.07573, 54.47313], [-2.07117, 54.47425], [-2.06991, 54.47565], [-2.06317, 54.47887], [-2.06128, 54.48055], [-2.0592, 54.48115], [-2.05307, 54.4807], [-2.04861, 54.48258], [-2.04319, 54.48359], [-2.04472, 54.47518], [-2.01464, 54.47155], [-1.99676, 54.46689], [-1.98653, 54.46155], [-1.98553, 54.45992], [-1.97612, 54.45972], [-1.9711, 54.4548], [-1.97174, 54.45396], [-1.97005, 54.45151], [-1.9605, 54.45215], [-1.95542, 54.45385], [-1.95161, 54.45343], [-1.94699, 54.4543], [-1.94254, 54.45339], [-1.93402, 54.45731], [-1.92832, 54.45648], [-1.91318, 54.46198], [-1.89342, 54.46689], [-1.8776, 54.47804], [-1.86725, 54.48211], [-1.85912, 54.48185], [-1.85852, 54.48278], [-1.86082, 54.48637], [-1.85921, 54.48907], [-1.85931, 54.49263], [-1.85771, 54.49365], [-1.85866, 54.49902], [-1.85779, 54.50353], [-1.84821, 54.50365], [-1.84427, 54.5051], [-1.83943, 54.50843], [-1.83646, 54.50801], [-1.83229, 54.50516], [-1.83185, 54.50264], [-1.82778, 54.50292], [-1.82644, 54.50066], [-1.82438, 54.50014], [-1.82454, 54.49789], [-1.82271, 54.49635], [-1.82244, 54.49517], [-1.79297, 54.48448], [-1.79108, 54.48942], [-1.78901, 54.49178], [-1.79026, 54.49288], [-1.78688, 54.49888], [-1.78717, 54.50103], [-1.78505, 54.50138], [-1.78512, 54.50279], [-1.78393, 54.50337], [-1.7839, 54.50503], [-1.78248, 54.50579], [-1.78217, 54.507], [-1.77612, 54.50672], [-1.77758, 54.51567], [-1.77734, 54.51937], [-1.77634, 54.5191], [-1.77685, 54.52535], [-1.78155, 54.52682], [-1.77969, 54.53186], [-1.76971, 54.53283], [-1.7672, 54.53228], [-1.7646, 54.52982], [-1.7612, 54.52894], [-1.754, 54.52864], [-1.75124, 54.53014], [-1.74753, 54.52928], [-1.74312, 54.52975], [-1.73308, 54.52773], [-1.73136, 54.53067], [-1.7273, 54.53047], [-1.72447, 54.53776], [-1.72282, 54.53968], [-1.72284, 54.54096], [-1.72387, 54.54158], [-1.7213, 54.54229], [-1.71941, 54.54223], [-1.71584, 54.53994], [-1.7041, 54.53665], [-1.68952, 54.53538], [-1.68362, 54.53347]]]}}, {"type": "Feature", "properties": {"name": "Ryedale", "county": "North Yorkshire"}, "geometry": {"type": "Polygon", "coordinates": [[[-1.00915, 54.40715], [-0.98783, 54.39594], [-0.97589, 54.3969], [-0.96152, 54.40253], [-0.95043, 54.40884], [-0.92688, 54.40061], [-0.91755, 54.40063], [-0.86654, 54.38734], [-0.85985, 54.38651], [-0.84708, 54.38319], [-0.8344, 54.38089], [-0.82362, 54.3825], [-0.81675, 54.37152], [-0.81204, 54.36782], [-0.81157, 54.36545], [-0.80984, 54.36384], [-0.80841, 54.3598], [-0.80403, 54.35746], [-0.80145, 54.35739], [-0.79921, 54.35583], [-0.79421, 54.35434], [-0.78222, 54.35481], [-0.77376, 54.35694], [-0.77099, 54.35915], [-0.76859, 54.35969], [-0.76888, 54.36016], [-0.76606, 54.36211], [-0.7566, 54.36337], [-0.75509, 54.36614], [-0.75356, 54.36681], [-0.75311, 54.36858], [-0.75034, 54.36822], [-0.74539, 54.36474], [-0.74383, 54.36315], [-0.74439, 54.36274], [-0.74324, 54.36222], [-0.74269, 54.36081], [-0.74349, 54.35994], [-0.74121, 54.35692], [-0.73297, 54.35524], [-0.71118, 54.35716], [-0.71138, 54.35901], [-0.71023, 54.36084], [-0.70323, 54.36487], [-0.69992, 54.36569], [-0.69171, 54.36565], [-0.68815, 54.36927], [-0.6876, 54.37083], [-0.68811, 54.37284], [-0.68722, 54.37309], [-0.68132, 54.37295], [-0.67482, 54.37517], [-0.66951, 54.37435], [-0.66258, 54.37102], [-0.66131, 54.3665], [-0.6326, 54.37594], [-0.63441, 54.36602], [-0.63391, 54.36449], [-0.62761, 54.35907], [-0.62925, 54.35344], [-0.62094, 54.34343], [-0.61059, 54.33664], [-0.60448, 54.33465], [-0.60056, 54.3323], [-0.59009, 54.32938], [-0.58712, 54.32633], [-0.58727, 54.32537], [-0.58484, 54.32386], [-0.5846, 54.32233], [-0.58585, 54.32085], [-0.58315, 54.31941], [-0.57787, 54.31861], [-0.57628, 54.31921], [-0.57553, 54.31802], [-0.57406, 54.31831], [-0.57361, 54.31715], [-0.57244, 54.31748], [-0.5724, 54.31633], [-0.56872, 54.31586], [-0.56769, 54.31386], [-0.56838, 54.31232], [-0.56728, 54.31137], [-0.57027, 54.3122], [-0.57897, 54.31092], [-0.58408, 54.30625], [-0.58777, 54.30424], [-0.59776, 54.30277], [-0.60079, 54.29953], [-0.6053, 54.29707], [-0.60551, 54.29303], [-0.60908, 54.28632], [-0.60988, 54.28603], [-0.60975, 54.28273], [-0.61333, 54.27862], [-0.61305, 54.27697], [-0.61032, 54.27494], [-0.6131, 54.26964], [-0.60754, 54.26095], [-0.60781, 54.25564], [-0.60692, 54.24859], [-0.6048, 54.24544], [-0.60165, 54.24394], [-0.59971, 54.24192], [-0.59789, 54.23705], [-0.59793, 54.23482], [-0.59898, 54.23209], [-0.60267, 54.22979], [-0.60362, 54.22296], [-0.60723, 54.21321], [-0.61194, 54.21318], [-0.61658, 54.20854], [-0.61843, 54.20546], [-0.61808, 54.20489], [-0.61558, 54.20495], [-0.6147, 54.20567], [-0.61212, 54.20413], [-0.61026, 54.20513], [-0.60699, 54.20425], [-0.60456, 54.20244], [-0.59993, 54.20201], [-0.59807, 54.20058], [-0.59902, 54.19972], [-0.59681, 54.19949], [-0.59356, 54.20067], [-0.58581, 54.19863], [-0.5845, 54.19955], [-0.57968, 54.20015], [-0.57624, 54.20147], [-0.5664, 54.20237], [-0.56502, 54.2012], [-0.56338, 54.20113], [-0.56205, 54.19838], [-0.56057, 54.1981], [-0.56016, 54.19682], [-0.559, 54.19722], [-0.55731, 54.19655], [-0.55603, 54.19555], [-0.55584, 54.19433], [-0.55154, 54.19428], [-0.55164, 54.19288], [-0.5504, 54.19256], [-0.54894, 54.19286], [-0.54863, 54.19371], [-0.54474, 54.19392], [-0.54352, 54.19572], [-0.53983, 54.19824], [-0.54008, 54.19906], [-0.53778, 54.2004], [-0.53292, 54.20019], [-0.5321, 54.20082], [-0.53061, 54.19974], [-0.52478, 54.2001], [-0.52111, 54.19893], [-0.52, 54.19775], [-0.51618, 54.19884], [-0.51571, 54.19948], [-0.51625, 54.20007], [-0.515, 54.20006], [-0.515, 54.20074], [-0.51302, 54.20115], [-0.51207, 54.20012], [-0.51085, 54.2003], [-0.50592, 54.20361], [-0.50494, 54.20516], [-0.50017, 54.2051], [-0.49809, 54.20628], [-0.49371, 54.20296], [-0.48883, 54.20497], [-0.48719, 54.20487], [-0.48656, 54.20605], [-0.482, 54.20749], [-0.48171, 54.20858], [-0.47301, 54.21042], [-0.47254, 54.21148], [-0.47112, 54.21192], [-0.46755, 54.21172], [-0.45699, 54.21446], [-0.45148, 54.21422], [-0.44831, 54.21497], [-0.44522, 54.21436], [-0.44141, 54.21574], [-0.43748, 54.215], [-0.4346, 54.20574], [-0.43143, 54.20093], [-0.42888, 54.19956], [-0.42671, 54.1931], [-0.42395, 54.18868], [-0.42164, 54.1798], [-0.41824, 54.17405], [-0.41809, 54.1712], [-0.42252, 54.17125], [-0.42263, 54.17008], [-0.42454, 54.16956], [-0.42291, 54.1663], [-0.43315, 54.16405], [-0.4331, 54.1606], [-0.43092, 54.15813], [-0.43265, 54.1575], [-0.42708, 54.13742], [-0.45853, 54.12596], [-0.45369, 54.12069], [-0.45359, 54.12009], [-0.45469, 54.11995], [-0.45434, 54.11674], [-0.45943, 54.11531], [-0.45867, 54.11402], [-0.46831, 54.11123], [-0.46593, 54.10761], [-0.48984, 54.10087], [-0.50287, 54.09408], [-0.5246, 54.08546], [-0.52792, 54.08932], [-0.53402, 54.08716], [-0.5418, 54.09151], [-0.54551, 54.09104], [-0.55062, 54.09267], [-0.55666, 54.0927], [-0.56313, 54.09398], [-0.56645, 54.09029], [-0.59099, 54.08704], [-0.59409, 54.0842], [-0.60585, 54.07778], [-0.60969, 54.07325], [-0.61551, 54.07048], [-0.6215, 54.06965], [-0.62774, 54.07018], [-0.62745, 54.06881], [-0.63219, 54.06874], [-0.6481, 54.06599], [-0.66031, 54.06308], [-0.65242, 54.05983], [-0.64464, 54.05509], [-0.65364, 54.04594], [-0.65629, 54.04543], [-0.65573, 54.04421], [-0.65801, 54.04363], [-0.65796, 54.04215], [-0.65631, 54.04062], [-0.65947, 54.03715], [-0.67424, 54.03816], [-0.67849, 54.03723], [-0.68046, 54.03589], [-0.68068, 54.03365], [-0.68259, 54.03411], [-0.68729, 54.03043], [-0.68721, 54.02606], [-0.68847, 54.02399], [-0.68414, 54.02263], [-0.68381, 54.02098], [-0.67841, 54.01822], [-0.67941, 54.01597], [-0.68306, 54.01245], [-0.68158, 54.01122], [-0.68367, 54.00875], [-0.70489, 54.00605], [-0.70865, 54.00805], [-0.70964, 54.01045], [-0.71074, 54.01115], [-0.71805, 54.01009], [-0.71925, 54.01069], [-0.71969, 54.0123], [-0.73048, 54.01268], [-0.73058, 54.02171], [-0.73425, 54.03024], [-0.74464, 54.02755], [-0.76633, 54.02367], [-0.77883, 54.02353], [-0.79918, 54.01904], [-0.80029, 54.01997], [-0.79898, 54.02407], [-0.80324, 54.02395], [-0.80331, 54.02334], [-0.80847, 54.02235], [-0.82036, 54.02085], [-0.83653, 54.02125], [-0.83699, 54.02189], [-0.84239, 54.02109], [-0.84315, 54.02168], [-0.84849, 54.01866], [-0.85972, 54.01636], [-0.86351, 54.01734], [-0.87039, 54.01668], [-0.87616, 54.0176], [-0.87844, 54.01717], [-0.87723, 54.01491], [-0.87766, 54.01354], [-0.88855, 54.0095], [-0.89087, 54.00308], [-0.89353, 53.99975], [-0.89741, 53.99851], [-0.89995, 53.99971], [-0.90748, 53.99753], [-0.91189, 53.99543], [-0.91193, 53.99288], [-0.91324, 53.99204], [-0.91524, 53.99313], [-0.93279, 53.99007], [-0.93415, 53.98926], [-0.93511, 53.98976], [-0.94435, 53.98911], [-0.95325, 53.98649], [-0.95768, 53.98394], [-0.96704, 53.9859], [-0.97007, 53.9848], [-0.97338, 53.98487], [-0.97676, 53.98198], [-0.97923, 53.98302], [-0.98465, 53.98153], [-0.99105, 53.98191], [-0.99483, 53.98305], [-0.99581, 53.98396], [-0.99406, 53.98446], [-0.99477, 53.98531], [-0.98793, 53.98905], [-0.98125, 53.99114], [-0.98318, 53.99334], [-0.97886, 53.99452], [-0.97909, 53.99594], [-0.97192, 53.99668], [-0.97275, 54.00171], [-0.97541, 54.00473], [-0.98004, 54.00283], [-0.98477, 54.00266], [-0.98087, 54.004], [-0.97933, 54.00537], [-0.97992, 54.00738], [-0.98274, 54.01001], [-0.97693, 54.01576], [-0.97941, 54.0174], [-0.96684, 54.02296], [-0.97061, 54.02306], [-0.97013, 54.02594], [-0.97331, 54.02929], [-0.9823, 54.03091], [-0.98135, 54.03386], [-0.98224, 54.03942], [-0.9846, 54.03885], [-0.98926, 54.04172], [-0.99327, 54.04228], [-0.99292, 54.04368], [-0.99488, 54.0462], [-0.99378, 54.04726], [-1.00039, 54.05096], [-1.00233, 54.05533], [-1.00442, 54.05555], [-1.0062, 54.05384], [-1.0071, 54.05417], [-1.01242, 54.05129], [-1.01437, 54.04931], [-1.02845, 54.05275], [-1.04745, 54.05443], [-1.0606, 54.05676], [-1.05816, 54.06395], [-1.05564, 54.06739], [-1.05415, 54.06702], [-1.04511, 54.06979], [-1.03981, 54.07334], [-1.03909, 54.07569], [-1.04211, 54.07769], [-1.04514, 54.07504], [-1.04945, 54.07571], [-1.04644, 54.07908], [-1.0543, 54.08225], [-1.05478, 54.08287], [-1.0541, 54.08327], [-1.06019, 54.08511], [-1.05775, 54.08818], [-1.05457, 54.08914], [-1.04677, 54.09451], [-1.04575, 54.09622], [-1.04279, 54.09826], [-1.03945, 54.09837], [-1.04013, 54.10088], [-1.04398, 54.10629], [-1.04377, 54.10747], [-1.02504, 54.10661], [-1.02509, 54.10792], [-1.02114, 54.10941], [-1.01946, 54.10782], [-1.01625, 54.10791], [-1.01471, 54.11395], [-1.01593, 54.11467], [-1.01562, 54.11548], [-1.00853, 54.12376], [-1.01253, 54.12674], [-1.01162, 54.12787], [-1.01368, 54.13153], [-1.01281, 54.13307], [-1.01307, 54.13458], [-1.02303, 54.13723], [-1.02931, 54.14045], [-1.03378, 54.14098], [-1.0342, 54.14336], [-1.04074, 54.1436], [-1.04433, 54.14511], [-1.04633, 54.14747], [-1.04838, 54.14683], [-1.05236, 54.14733], [-1.05394, 54.14916], [-1.05632, 54.14991], [-1.0571, 54.15139], [-1.06039, 54.15293], [-1.06765, 54.15354], [-1.06916, 54.15462], [-1.07505, 54.15574], [-1.08263, 54.16063], [-1.0887, 54.1629], [-1.08888, 54.16355], [-1.0806, 54.17209], [-1.08366, 54.17402], [-1.08745, 54.17442], [-1.0888, 54.17549], [-1.09425, 54.17626], [-1.09749, 54.17756], [-1.09815, 54.17846], [-1.09768, 54.18314], [-1.09914, 54.18529], [-1.10553, 54.18289], [-1.10972, 54.18258], [-1.11284, 54.18373], [-1.11764, 54.18293], [-1.11936, 54.18226], [-1.12013, 54.18103], [-1.1261, 54.18053], [-1.12595, 54.18238], [-1.12897, 54.1832], [-1.13301, 54.18599], [-1.13455, 54.18593], [-1.1357, 54.1874], [-1.13497, 54.18904], [-1.1358, 54.18974], [-1.14283, 54.19139], [-1.14455, 54.19375], [-1.14675, 54.19509], [-1.15561, 54.19649], [-1.16419, 54.19957], [-1.16515, 54.201], [-1.1687, 54.20246], [-1.17434, 54.20325], [-1.18166, 54.20132], [-1.18682, 54.20151], [-1.18831, 54.20009], [-1.18931, 54.20018], [-1.19073, 54.20269], [-1.18758, 54.20535], [-1.18921, 54.20781], [-1.18858, 54.20847], [-1.19017, 54.20984], [-1.19703, 54.21063], [-1.19989, 54.2129], [-1.19951, 54.2145], [-1.20019, 54.21632], [-1.1937, 54.21856], [-1.19204, 54.22109], [-1.19666, 54.22633], [-1.19641, 54.22899], [-1.19835, 54.23415], [-1.19701, 54.24108], [-1.20838, 54.23637], [-1.21505, 54.2415], [-1.21212, 54.24544], [-1.214, 54.24923], [-1.20545, 54.25131], [-1.21084, 54.26541], [-1.21893, 54.28311], [-1.21974, 54.28656], [-1.22787, 54.29635], [-1.23167, 54.29946], [-1.24712, 54.3082], [-1.24993, 54.31176], [-1.24949, 54.31535], [-1.24671, 54.32329], [-1.24658, 54.33153], [-1.25849, 54.33665], [-1.26563, 54.3437], [-1.26598, 54.34587], [-1.26551, 54.34764], [-1.26371, 54.34899], [-1.26478, 54.35408], [-1.25456, 54.35386], [-1.25086, 54.36126], [-1.23847, 54.37594], [-1.22503, 54.37803], [-1.20873, 54.37377], [-1.19015, 54.37724], [-1.18089, 54.37672], [-1.17218, 54.38186], [-1.16602, 54.37786], [-1.16306, 54.3725], [-1.15931, 54.35971], [-1.15753, 54.34925], [-1.14555, 54.34891], [-1.14065, 54.34588], [-1.13701, 54.34605], [-1.13663, 54.34524], [-1.13329, 54.34457], [-1.13293, 54.34358], [-1.12711, 54.34374], [-1.12179, 54.34523], [-1.12115, 54.34452], [-1.12161, 54.34393], [-1.12087, 54.3438], [-1.12162, 54.34262], [-1.11873, 54.34095], [-1.11857, 54.33871], [-1.11955, 54.33785], [-1.11918, 54.3373], [-1.12105, 54.33702], [-1.12082, 54.33474], [-1.12144, 54.33389], [-1.12078, 54.33318], [-1.12256, 54.33142], [-1.11665, 54.32864], [-1.11511, 54.33028], [-1.10297, 54.3285], [-1.09902, 54.32918], [-1.0853, 54.34708], [-1.07826, 54.35855], [-1.07815, 54.36023], [-1.07048, 54.36102], [-1.0662, 54.36265], [-1.06719, 54.36513], [-1.06722, 54.37546], [-1.07881, 54.3882], [-1.07042, 54.39576], [-1.0818, 54.40501], [-1.07093, 54.40567], [-1.05937, 54.41257], [-1.02686, 54.41533], [-1.00915, 54.40715]]]}}, {"type": "Feature", "properties": {"name": "Scarborough", "county": "North Yorkshire"}, "geometry": {"type": "MultiPolygon", "coordinates": [[[[-0.34091, 54.24343], [-0.33716, 54.24276], [-0.33894, 54.24291], [-0.34091, 54.24343]]], [[[-0.79221, 54.55945], [-0.78961, 54.55856], [-0.78367, 54.55933], [-0.77884, 54.55709], [-0.77452, 54.55739], [-0.77532, 54.55473], [-0.77417, 54.55324], [-0.77189, 54.55208], [-0.76938, 54.55204], [-0.76512, 54.54865], [-0.76722, 54.54855], [-0.76752, 54.54811], [-0.76558, 54.54824], [-0.7677, 54.54725], [-0.76724, 54.54641], [-0.7622, 54.54397], [-0.75511, 54.5435], [-0.75093, 54.54189], [-0.74954, 54.54011], [-0.74897, 54.53766], [-0.7471, 54.53568], [-0.74954, 54.53269], [-0.74464, 54.52853], [-0.73608, 54.52743], [-0.73127, 54.5279], [-0.7273, 54.53048], [-0.71905, 54.53054], [-0.71628, 54.53218], [-0.71641, 54.53432], [-0.71578, 54.53438], [-0.70544, 54.53015], [-0.70479, 54.52737], [-0.7001, 54.52574], [-0.6937, 54.52038], [-0.68874, 54.52083], [-0.68181, 54.51943], [-0.68132, 54.51798], [-0.67833, 54.51605], [-0.67864, 54.51496], [-0.67773, 54.51382], [-0.67265, 54.51251], [-0.67507, 54.50603], [-0.67249, 54.50448], [-0.67226, 54.50393], [-0.67343, 54.50359], [-0.67182, 54.50369], [-0.66938, 54.50228], [-0.67026, 54.50074], [-0.66879, 54.50148], [-0.6691, 54.5022], [-0.65423, 54.4976], [-0.63988, 54.49561], [-0.62136, 54.49137], [-0.61422, 54.49096], [-0.61302, 54.49431], [-0.61252, 54.49272], [-0.61455, 54.4888], [-0.61339, 54.48689], [-0.61398, 54.48521], [-0.61263, 54.48549], [-0.61259, 54.48422], [-0.61463, 54.47847], [-0.61417, 54.47634], [-0.61528, 54.47453], [-0.62109, 54.47512], [-0.62311, 54.47459], [-0.62387, 54.47379], [-0.62311, 54.47154], [-0.62481, 54.47013], [-0.63225, 54.46905], [-0.63356, 54.46821], [-0.62549, 54.4695], [-0.62237, 54.47133], [-0.62048, 54.4707], [-0.62229, 54.47158], [-0.62315, 54.47375], [-0.62267, 54.47436], [-0.6206, 54.47479], [-0.61756, 54.47366], [-0.61545, 54.47378], [-0.61311, 54.47582], [-0.61363, 54.47789], [-0.61237, 54.48042], [-0.61124, 54.48099], [-0.60725, 54.48022], [-0.61134, 54.48112], [-0.60979, 54.48347], [-0.61139, 54.48641], [-0.61354, 54.48825], [-0.61228, 54.48916], [-0.61309, 54.48971], [-0.60962, 54.49061], [-0.61218, 54.49201], [-0.612, 54.49308], [-0.61153, 54.49298], [-0.6124, 54.49421], [-0.60933, 54.49049], [-0.59843, 54.48938], [-0.59275, 54.48764], [-0.58854, 54.48926], [-0.5896, 54.48826], [-0.58831, 54.48588], [-0.5852, 54.48387], [-0.57885, 54.48333], [-0.56889, 54.47973], [-0.56863, 54.47884], [-0.56401, 54.47589], [-0.56141, 54.47106], [-0.55965, 54.46998], [-0.55931, 54.46799], [-0.55734, 54.46668], [-0.55693, 54.46511], [-0.55472, 54.46469], [-0.54973, 54.46123], [-0.54722, 54.46131], [-0.5426, 54.45951], [-0.53716, 54.45474], [-0.534, 54.45372], [-0.53462, 54.45289], [-0.53314, 54.45122], [-0.52628, 54.44948], [-0.52557, 54.44837], [-0.52146, 54.44695], [-0.52082, 54.4462], [-0.52159, 54.44546], [-0.52115, 54.444], [-0.52253, 54.44087], [-0.53165, 54.43628], [-0.53142, 54.43473], [-0.5327, 54.43324], [-0.53183, 54.43204], [-0.53243, 54.42933], [-0.53039, 54.42426], [-0.52277, 54.41626], [-0.51294, 54.41132], [-0.50015, 54.40684], [-0.4949, 54.40667], [-0.49086, 54.40765], [-0.49007, 54.40644], [-0.48689, 54.40509], [-0.47851, 54.39897], [-0.47511, 54.39884], [-0.47171, 54.397], [-0.4686, 54.39308], [-0.46368, 54.38917], [-0.46094, 54.38478], [-0.45753, 54.38136], [-0.45457, 54.37595], [-0.44981, 54.37249], [-0.44708, 54.36746], [-0.44729, 54.36533], [-0.44581, 54.36322], [-0.44697, 54.35934], [-0.44477, 54.35763], [-0.43918, 54.35657], [-0.43307, 54.3503], [-0.43098, 54.34486], [-0.43262, 54.34013], [-0.42846, 54.34017], [-0.4233, 54.33901], [-0.42076, 54.33283], [-0.41704, 54.33145], [-0.41979, 54.3273], [-0.42158, 54.32598], [-0.42114, 54.32366], [-0.42065, 54.32259], [-0.41716, 54.32049], [-0.41885, 54.31987], [-0.41919, 54.31749], [-0.41801, 54.31483], [-0.41859, 54.31421], [-0.41768, 54.31276], [-0.41759, 54.31049], [-0.41575, 54.3096], [-0.41396, 54.30701], [-0.40764, 54.30522], [-0.40947, 54.30252], [-0.40896, 54.30101], [-0.41019, 54.3004], [-0.40959, 54.29733], [-0.40775, 54.29426], [-0.40587, 54.29208], [-0.39693, 54.28799], [-0.39499, 54.28804], [-0.38867, 54.29056], [-0.3865, 54.29008], [-0.38467, 54.28783], [-0.38455, 54.2858], [-0.38694, 54.28248], [-0.3895, 54.28133], [-0.38995, 54.28216], [-0.3884, 54.28196], [-0.3864, 54.28359], [-0.38983, 54.28229], [-0.38735, 54.28381], [-0.39225, 54.2838], [-0.3902, 54.28237], [-0.39279, 54.28325], [-0.39569, 54.28155], [-0.39718, 54.27941], [-0.39761, 54.27701], [-0.39658, 54.27438], [-0.39255, 54.27139], [-0.39139, 54.269], [-0.38149, 54.26318], [-0.37623, 54.26274], [-0.37553, 54.26155], [-0.37463, 54.26158], [-0.37545, 54.26059], [-0.37489, 54.25915], [-0.37056, 54.25677], [-0.36798, 54.25373], [-0.36597, 54.2539], [-0.36636, 54.25272], [-0.3693, 54.25145], [-0.36949, 54.24931], [-0.36387, 54.24508], [-0.35037, 54.24086], [-0.33867, 54.2426], [-0.33619, 54.24184], [-0.33741, 54.2414], [-0.33737, 54.24056], [-0.33488, 54.23836], [-0.31846, 54.23401], [-0.31771, 54.23302], [-0.31395, 54.232], [-0.31257, 54.23077], [-0.31323, 54.22913], [-0.31269, 54.22861], [-0.30254, 54.22718], [-0.29631, 54.22496], [-0.29222, 54.22481], [-0.27503, 54.21887], [-0.26921, 54.21839], [-0.26529, 54.21679], [-0.2663, 54.21637], [-0.25924, 54.21586], [-0.26571, 54.2159], [-0.27538, 54.21765], [-0.27708, 54.21728], [-0.28012, 54.21489], [-0.28394, 54.20937], [-0.28521, 54.20317], [-0.28274, 54.19506], [-0.27547, 54.18474], [-0.26444, 54.17649], [-0.25139, 54.16968], [-0.23284, 54.16181], [-0.21824, 54.15793], [-0.21253, 54.15757], [-0.21691, 54.14833], [-0.2214, 54.14202], [-0.22168, 54.13795], [-0.22267, 54.13702], [-0.22905, 54.13571], [-0.22973, 54.13242], [-0.23721, 54.13723], [-0.24519, 54.13711], [-0.26541, 54.14054], [-0.26905, 54.13831], [-0.27644, 54.13958], [-0.29055, 54.13974], [-0.29155, 54.13874], [-0.30407, 54.13625], [-0.30765, 54.13788], [-0.31375, 54.14638], [-0.32264, 54.14526], [-0.32383, 54.15028], [-0.32879, 54.14905], [-0.33693, 54.14954], [-0.34248, 54.14851], [-0.34638, 54.14685], [-0.35074, 54.14975], [-0.35526, 54.14959], [-0.36002, 54.1531], [-0.37491, 54.15409], [-0.37499, 54.15621], [-0.3733, 54.15626], [-0.37451, 54.16255], [-0.3807, 54.17034], [-0.39073, 54.1765], [-0.40324, 54.1747], [-0.40406, 54.17583], [-0.40826, 54.17582], [-0.41824, 54.17405], [-0.42164, 54.1798], [-0.42395, 54.18868], [-0.42671, 54.1931], [-0.42888, 54.19956], [-0.43143, 54.20093], [-0.4346, 54.20574], [-0.43748, 54.215], [-0.44141, 54.21574], [-0.44522, 54.21436], [-0.44831, 54.21497], [-0.45148, 54.21422], [-0.45699, 54.21446], [-0.46755, 54.21172], [-0.47112, 54.21192], [-0.47254, 54.21148], [-0.47301, 54.21042], [-0.48171, 54.20858], [-0.482, 54.20749], [-0.48656, 54.20605], [-0.48719, 54.20487], [-0.48883, 54.20497], [-0.49371, 54.20296], [-0.49809, 54.20628], [-0.50017, 54.2051], [-0.50494, 54.20516], [-0.50592, 54.20361], [-0.51085, 54.2003], [-0.51207, 54.20012], [-0.51302, 54.20115], [-0.515, 54.20074], [-0.515, 54.20006], [-0.51625, 54.20007], [-0.51571, 54.19948], [-0.51618, 54.19884], [-0.52, 54.19775], [-0.52111, 54.19893], [-0.52478, 54.2001], [-0.53061, 54.19974], [-0.5321, 54.20082], [-0.53292, 54.20019], [-0.53778, 54.2004], [-0.54008, 54.19906], [-0.53983, 54.19824], [-0.54352, 54.19572], [-0.54474, 54.19392], [-0.54863, 54.19371], [-0.54894, 54.19286], [-0.5504, 54.19256], [-0.55164, 54.19288], [-0.55154, 54.19428], [-0.55584, 54.19433], [-0.55603, 54.19555], [-0.55731, 54.19655], [-0.559, 54.19722], [-0.56016, 54.19682], [-0.56057, 54.1981], [-0.56205, 54.19838], [-0.56338, 54.20113], [-0.56502, 54.2012], [-0.5664, 54.20237], [-0.57624, 54.20147], [-0.57968, 54.20015], [-0.5845, 54.19955], [-0.58581, 54.19863], [-0.59356, 54.20067], [-0.59681, 54.19949], [-0.59902, 54.19972], [-0.59807, 54.20058], [-0.59993, 54.20201], [-0.60456, 54.20244], [-0.60699, 54.20425], [-0.61026, 54.20513], [-0.61212, 54.20413], [-0.6147, 54.20567], [-0.61558, 54.20495], [-0.61808, 54.20489], [-0.61843, 54.20546], [-0.61658, 54.20854], [-0.61194, 54.21318], [-0.60723, 54.21321], [-0.60362, 54.22296], [-0.60267, 54.22979], [-0.59898, 54.23209], [-0.59793, 54.23482], [-0.59789, 54.23705], [-0.59971, 54.24192], [-0.60165, 54.24394], [-0.6048, 54.24544], [-0.60692, 54.24859], [-0.60781, 54.25564], [-0.60754, 54.26095], [-0.6131, 54.26964], [-0.61032, 54.27494], [-0.61305, 54.27697], [-0.61333, 54.27862], [-0.60975, 54.28273], [-0.60988, 54.28603], [-0.60908, 54.28632], [-0.60551, 54.29303], [-0.6053, 54.29707], [-0.60079, 54.29953], [-0.59776, 54.30277], [-0.58777, 54.30424], [-0.58408, 54.30625], [-0.57897, 54.31092], [-0.57027, 54.3122], [-0.56728, 54.31137], [-0.56838, 54.31232], [-0.56769, 54.31386], [-0.56872, 54.31586], [-0.5724, 54.31633], [-0.57244, 54.31748], [-0.57361, 54.31715], [-0.57406, 54.31831], [-0.57553, 54.31802], [-0.57628, 54.31921], [-0.57787, 54.31861], [-0.58315, 54.31941], [-0.58585, 54.32085], [-0.5846, 54.32233], [-0.58484, 54.32386], [-0.58727, 54.32537], [-0.58712, 54.32633], [-0.59009, 54.32938], [-0.60056, 54.3323], [-0.60448, 54.33465], [-0.61059, 54.33664], [-0.62094, 54.34343], [-0.62925, 54.35344], [-0.62761, 54.35907], [-0.63391, 54.36449], [-0.63441, 54.36602], [-0.6326, 54.37594], [-0.66131, 54.3665], [-0.66258, 54.37102], [-0.66951, 54.37435], [-0.67482, 54.37517], [-0.68132, 54.37295], [-0.68722, 54.37309], [-0.68811, 54.37284], [-0.6876, 54.37083], [-0.68815, 54.36927], [-0.69171, 54.36565], [-0.69992, 54.36569], [-0.70323, 54.36487], [-0.71023, 54.36084], [-0.71138, 54.35901], [-0.71118, 54.35716], [-0.73297, 54.35524], [-0.74121, 54.35692], [-0.74349, 54.35994], [-0.74269, 54.36081], [-0.74324, 54.36222], [-0.74439, 54.36274], [-0.74383, 54.36315], [-0.74539, 54.36474], [-0.75034, 54.36822], [-0.75311, 54.36858], [-0.75356, 54.36681], [-0.75509, 54.36614], [-0.7566, 54.36337], [-0.76606, 54.36211], [-0.76888, 54.36016], [-0.76859, 54.35969], [-0.77099, 54.35915], [-0.77376, 54.35694], [-0.78222, 54.35481], [-0.79421, 54.35434], [-0.79921, 54.35583], [-0.80145, 54.35739], [-0.80403, 54.35746], [-0.80841, 54.3598], [-0.80984, 54.36384], [-0.81157, 54.36545], [-0.81204, 54.36782], [-0.81675, 54.37152], [-0.82362, 54.3825], [-0.8344, 54.38089], [-0.84708, 54.38319], [-0.85985, 54.38651], [-0.86654, 54.38734], [-0.91755, 54.40063], [-0.92688, 54.40061], [-0.95043, 54.40884], [-0.96152, 54.40253], [-0.97589, 54.3969], [-0.98783, 54.39594], [-1.00915, 54.40715], [-1.02686, 54.41533], [-1.05937, 54.41257], [-1.06468, 54.42113], [-1.05555, 54.42742], [-1.05265, 54.43695], [-1.05749, 54.4409], [-1.05499, 54.44602], [-1.05333, 54.44726], [-1.05255, 54.44939], [-1.05027, 54.45022], [-1.04883, 54.45178], [-1.04788, 54.45164], [-1.04838, 54.45213], [-1.04348, 54.45282], [-1.04253, 54.45383], [-1.0432, 54.45411], [-1.04159, 54.45507], [-1.04215, 54.45537], [-1.03925, 54.45621], [-1.03903, 54.45722], [-1.03658, 54.45741], [-1.03568, 54.45859], [-1.03393, 54.45898], [-1.02148, 54.45999], [-1.01313, 54.46], [-1.00788, 54.45825], [-1.00065, 54.45867], [-0.99598, 54.45744], [-0.98839, 54.4588], [-0.98479, 54.45744], [-0.98171, 54.45766], [-0.97404, 54.46123], [-0.97208, 54.46083], [-0.97611, 54.46766], [-0.97995, 54.47193], [-0.9835, 54.47886], [-0.98951, 54.47949], [-0.99943, 54.47601], [-1.00411, 54.47547], [-1.01644, 54.47663], [-1.01828, 54.478], [-1.01905, 54.48249], [-1.02298, 54.48334], [-1.02483, 54.48527], [-1.02728, 54.48567], [-1.03057, 54.48832], [-1.03157, 54.49131], [-1.03684, 54.49403], [-1.02378, 54.50203], [-1.00339, 54.503], [-0.96781, 54.49726], [-0.95257, 54.488], [-0.94397, 54.48868], [-0.93259, 54.49144], [-0.92293, 54.491], [-0.9014, 54.49419], [-0.89577, 54.49559], [-0.8942, 54.4969], [-0.88081, 54.49703], [-0.87817, 54.49532], [-0.87632, 54.49538], [-0.87577, 54.49115], [-0.85647, 54.48786], [-0.84851, 54.48796], [-0.84412, 54.48954], [-0.84393, 54.49121], [-0.8486, 54.49552], [-0.8533, 54.5027], [-0.85233, 54.50562], [-0.85231, 54.51036], [-0.85019, 54.51145], [-0.85222, 54.5176], [-0.84993, 54.51994], [-0.85063, 54.52341], [-0.85141, 54.52399], [-0.84991, 54.52496], [-0.85068, 54.52633], [-0.84863, 54.52999], [-0.84214, 54.53601], [-0.84186, 54.53736], [-0.83865, 54.53979], [-0.83665, 54.54262], [-0.83083, 54.54552], [-0.82697, 54.54856], [-0.82038, 54.54935], [-0.81566, 54.55249], [-0.81472, 54.55167], [-0.81305, 54.55203], [-0.81051, 54.5512], [-0.80958, 54.5517], [-0.8004, 54.551], [-0.80056, 54.55182], [-0.79724, 54.55413], [-0.7988, 54.55557], [-0.79553, 54.55486], [-0.79608, 54.5566], [-0.79221, 54.55945]]]]}}, {"type": "Feature", "properties": {"name": "Selby", "county": "North Yorkshire"}, "geometry": {"type": "MultiPolygon", "coordinates": [[[[-1.003, 53.88619], [-0.99283, 53.87519], [-0.9677, 53.88282], [-0.94802, 53.88485], [-0.94824, 53.88607], [-0.94515, 53.88694], [-0.94407, 53.8881], [-0.93861, 53.88752], [-0.93816, 53.88581], [-0.93451, 53.88292], [-0.93497, 53.88], [-0.93046, 53.87951], [-0.92979, 53.88129], [-0.92683, 53.88254], [-0.92538, 53.88073], [-0.92351, 53.88075], [-0.92268, 53.87945], [-0.92975, 53.87652], [-0.93817, 53.87573], [-0.94074, 53.87405], [-0.93872, 53.86904], [-0.93905, 53.86772], [-0.94059, 53.86644], [-0.94613, 53.86475], [-0.94813, 53.8621], [-0.94805, 53.86108], [-0.94199, 53.85479], [-0.94631, 53.85116], [-0.94498, 53.8481], [-0.94702, 53.84363], [-0.94349, 53.83527], [-0.9403, 53.83268], [-0.94061, 53.8235], [-0.9332, 53.82067], [-0.92892, 53.82045], [-0.92422, 53.81604], [-0.92234, 53.817], [-0.92008, 53.81596], [-0.92759, 53.80986], [-0.92993, 53.805], [-0.93288, 53.80382], [-0.93447, 53.80184], [-0.93107, 53.79825], [-0.92804, 53.79707], [-0.93117, 53.79129], [-0.93349, 53.78996], [-0.93427, 53.78467], [-0.93662, 53.77933], [-0.93315, 53.77474], [-0.92943, 53.77376], [-0.92829, 53.7699], [-0.92836, 53.76531], [-0.93008, 53.76307], [-0.93426, 53.76161], [-0.93974, 53.75813], [-0.95157, 53.75375], [-0.96419, 53.75061], [-0.9733, 53.75017], [-0.98003, 53.75278], [-0.98497, 53.75706], [-0.98759, 53.76088], [-0.98542, 53.76372], [-0.98618, 53.76521], [-0.99774, 53.76557], [-0.99906, 53.76635], [-0.99945, 53.76818], [-1.00093, 53.76957], [-1.00318, 53.76915], [-1.01082, 53.76454], [-1.02104, 53.76061], [-1.02585, 53.76054], [-1.03241, 53.76424], [-1.03328, 53.76551], [-1.0284, 53.77066], [-1.02157, 53.77084], [-1.02076, 53.77202], [-1.02133, 53.77357], [-1.02404, 53.77609], [-1.02678, 53.77749], [-1.0327, 53.77712], [-1.04474, 53.77959], [-1.06238, 53.78433], [-1.06583, 53.7865], [-1.06454, 53.78753], [-1.04937, 53.78885], [-1.04626, 53.79008], [-1.04572, 53.79142], [-1.04778, 53.79643], [-1.04754, 53.80385], [-1.04585, 53.8072], [-1.04269, 53.8093], [-1.04232, 53.81064], [-1.05116, 53.81138], [-1.0614, 53.81394], [-1.06983, 53.81879], [-1.07938, 53.81984], [-1.08386, 53.82255], [-1.08365, 53.82477], [-1.07939, 53.82817], [-1.07529, 53.83285], [-1.07623, 53.83608], [-1.0787, 53.83621], [-1.0836, 53.83487], [-1.08847, 53.83191], [-1.09871, 53.8367], [-1.1048, 53.83757], [-1.11814, 53.83693], [-1.12625, 53.83317], [-1.12867, 53.83458], [-1.12978, 53.83832], [-1.13359, 53.84254], [-1.13274, 53.84363], [-1.12707, 53.84351], [-1.12415, 53.84494], [-1.12356, 53.84977], [-1.11959, 53.85271], [-1.11807, 53.85492], [-1.11846, 53.85737], [-1.12389, 53.85937], [-1.12723, 53.86203], [-1.12771, 53.86299], [-1.12706, 53.86454], [-1.12581, 53.86543], [-1.11932, 53.86665], [-1.10635, 53.87505], [-1.10043, 53.87634], [-1.09971, 53.88034], [-1.09638, 53.88219], [-1.09531, 53.88444], [-1.09332, 53.88455], [-1.09119, 53.8858], [-1.08747, 53.88428], [-1.08577, 53.88244], [-1.08366, 53.88219], [-1.07766, 53.88357], [-1.07616, 53.88107], [-1.06854, 53.87907], [-1.06495, 53.87457], [-1.05347, 53.8773], [-1.04651, 53.88081], [-1.02939, 53.88501], [-1.02707, 53.88638], [-1.02374, 53.8864], [-1.02154, 53.88835], [-1.0082, 53.88998], [-1.003, 53.88619]]], [[[-1.2519, 53.93558], [-1.24494, 53.93159], [-1.23868, 53.93262], [-1.23612, 53.93485], [-1.23355, 53.93452], [-1.22767, 53.93179], [-1.22719, 53.92992], [-1.22803, 53.9292], [-1.22178, 53.92503], [-1.21796, 53.92498], [-1.2176, 53.92598], [-1.2143, 53.9263], [-1.20514, 53.92561], [-1.20512, 53.92443], [-1.20212, 53.92305], [-1.19113, 53.92256], [-1.1867, 53.91842], [-1.18571, 53.91605], [-1.1793, 53.91688], [-1.17738, 53.91431], [-1.17059, 53.9088], [-1.16491, 53.91056], [-1.16012, 53.90041], [-1.15432, 53.89666], [-1.15439, 53.89591], [-1.15023, 53.89498], [-1.15, 53.89362], [-1.14676, 53.89459], [-1.14355, 53.89247], [-1.14156, 53.89263], [-1.13681, 53.89592], [-1.13481, 53.89473], [-1.13335, 53.89104], [-1.12911, 53.88897], [-1.12523, 53.88559], [-1.12498, 53.88266], [-1.12105, 53.88263], [-1.11743, 53.88034], [-1.11196, 53.87904], [-1.10533, 53.87582], [-1.11292, 53.87183], [-1.11952, 53.86697], [-1.12717, 53.86511], [-1.1282, 53.8633], [-1.12772, 53.86193], [-1.12389, 53.85891], [-1.11886, 53.8571], [-1.11858, 53.85491], [-1.1241, 53.84984], [-1.12405, 53.84649], [-1.1252, 53.8447], [-1.12819, 53.84388], [-1.13045, 53.84527], [-1.13247, 53.84567], [-1.13396, 53.84549], [-1.13536, 53.84457], [-1.13804, 53.84008], [-1.13894, 53.83973], [-1.14295, 53.8399], [-1.14152, 53.84323], [-1.14247, 53.84478], [-1.14468, 53.84652], [-1.14339, 53.84904], [-1.14448, 53.85006], [-1.15198, 53.84901], [-1.1578, 53.85175], [-1.16056, 53.85031], [-1.16242, 53.84823], [-1.16614, 53.84701], [-1.17004, 53.85148], [-1.17127, 53.85555], [-1.17301, 53.85615], [-1.17752, 53.85627], [-1.1802, 53.85533], [-1.18239, 53.85385], [-1.18309, 53.85205], [-1.18284, 53.85019], [-1.18363, 53.84988], [-1.19213, 53.85434], [-1.19677, 53.85382], [-1.20013, 53.85536], [-1.20224, 53.85422], [-1.20609, 53.85474], [-1.20212, 53.85405], [-1.1996, 53.85508], [-1.19731, 53.8537], [-1.19186, 53.85404], [-1.18557, 53.85007], [-1.18317, 53.84964], [-1.18248, 53.85008], [-1.18276, 53.85203], [-1.18201, 53.85361], [-1.17963, 53.85539], [-1.1774, 53.8561], [-1.17294, 53.85594], [-1.17153, 53.85536], [-1.17036, 53.85143], [-1.16752, 53.84743], [-1.16623, 53.8468], [-1.16207, 53.848], [-1.1603, 53.85027], [-1.15777, 53.85129], [-1.15153, 53.84881], [-1.14436, 53.84976], [-1.14377, 53.84893], [-1.145, 53.84653], [-1.14191, 53.84328], [-1.14321, 53.83971], [-1.14148, 53.83919], [-1.13774, 53.83974], [-1.13453, 53.84495], [-1.13264, 53.84547], [-1.12992, 53.84478], [-1.12985, 53.84428], [-1.13357, 53.84389], [-1.13446, 53.84267], [-1.13068, 53.83851], [-1.12867, 53.83333], [-1.12652, 53.83271], [-1.11798, 53.8365], [-1.10411, 53.83708], [-1.09891, 53.83633], [-1.0887, 53.83135], [-1.08223, 53.83481], [-1.07663, 53.83561], [-1.07602, 53.83458], [-1.07664, 53.83251], [-1.08034, 53.82809], [-1.08469, 53.82447], [-1.08512, 53.82262], [-1.08359, 53.82133], [-1.07934, 53.81932], [-1.07437, 53.81922], [-1.06935, 53.81803], [-1.06292, 53.81393], [-1.05414, 53.81137], [-1.0432, 53.81022], [-1.04694, 53.80702], [-1.0484, 53.80358], [-1.04864, 53.79583], [-1.04656, 53.79131], [-1.04709, 53.79004], [-1.06645, 53.78786], [-1.06814, 53.78611], [-1.06707, 53.78657], [-1.06236, 53.78388], [-1.03759, 53.7773], [-1.03348, 53.77666], [-1.02787, 53.77707], [-1.02472, 53.77588], [-1.02236, 53.77371], [-1.02178, 53.77166], [-1.02968, 53.77081], [-1.03396, 53.76608], [-1.03406, 53.76473], [-1.02718, 53.76033], [-1.02454, 53.7595], [-1.02131, 53.75986], [-1.01102, 53.76358], [-1.00148, 53.76858], [-0.99955, 53.76562], [-0.99538, 53.76443], [-0.98699, 53.7642], [-0.98874, 53.76093], [-0.98638, 53.75732], [-0.98206, 53.75322], [-0.97708, 53.75052], [-0.9671, 53.74811], [-0.9639, 53.74651], [-0.96204, 53.7411], [-0.96303, 53.73711], [-0.96162, 53.73569], [-0.9526, 53.73534], [-0.94452, 53.73245], [-0.93633, 53.73132], [-0.92433, 53.73133], [-0.9118, 53.73237], [-0.91133, 53.7315], [-0.91247, 53.72834], [-0.90589, 53.72522], [-0.90384, 53.72085], [-0.90426, 53.71802], [-0.90655, 53.7171], [-0.91241, 53.71888], [-0.92395, 53.71881], [-0.93526, 53.71641], [-0.9405, 53.71355], [-0.94416, 53.71269], [-0.94971, 53.71305], [-0.95419, 53.71484], [-0.95783, 53.71499], [-0.95925, 53.71364], [-0.95936, 53.7099], [-0.96165, 53.70764], [-0.95808, 53.70505], [-0.96292, 53.70355], [-0.96278, 53.70095], [-0.96658, 53.70078], [-0.9696, 53.70226], [-0.96603, 53.70458], [-0.96625, 53.70594], [-0.96799, 53.70697], [-0.98092, 53.70515], [-0.9829, 53.70425], [-0.98372, 53.70255], [-0.98271, 53.69912], [-0.98029, 53.6971], [-0.99449, 53.69761], [-1.00105, 53.69907], [-1.00314, 53.69861], [-1.00434, 53.69661], [-1.00689, 53.69553], [-1.01101, 53.69705], [-1.02136, 53.69823], [-1.03405, 53.69662], [-1.03887, 53.69405], [-1.04098, 53.69622], [-1.04557, 53.69869], [-1.05348, 53.69698], [-1.05391, 53.70157], [-1.06084, 53.70662], [-1.06368, 53.7067], [-1.06901, 53.70434], [-1.07101, 53.70827], [-1.07262, 53.70917], [-1.07543, 53.70924], [-1.0806, 53.70829], [-1.08118, 53.70893], [-1.08093, 53.71105], [-1.08438, 53.71493], [-1.08434, 53.71742], [-1.09114, 53.71493], [-1.09378, 53.71302], [-1.09586, 53.71411], [-1.09453, 53.71582], [-1.09496, 53.71621], [-1.10386, 53.71464], [-1.10449, 53.71499], [-1.10404, 53.71551], [-1.09886, 53.71782], [-1.09836, 53.71935], [-1.10447, 53.71879], [-1.10797, 53.72137], [-1.10828, 53.723], [-1.10938, 53.72334], [-1.11246, 53.72263], [-1.115, 53.71996], [-1.11646, 53.72006], [-1.11718, 53.72088], [-1.1167, 53.72287], [-1.12012, 53.72675], [-1.12087, 53.72665], [-1.11706, 53.72265], [-1.1174, 53.72006], [-1.11543, 53.71931], [-1.11217, 53.72242], [-1.10913, 53.72299], [-1.1085, 53.72129], [-1.10486, 53.71863], [-1.09888, 53.71907], [-1.10026, 53.71724], [-1.10488, 53.71535], [-1.10416, 53.71443], [-1.1017, 53.71433], [-1.09576, 53.71594], [-1.09528, 53.71554], [-1.09613, 53.71395], [-1.09409, 53.71274], [-1.08955, 53.71536], [-1.08476, 53.71691], [-1.08475, 53.71458], [-1.08139, 53.71097], [-1.08132, 53.70825], [-1.0798, 53.70782], [-1.07539, 53.709], [-1.07231, 53.70878], [-1.06893, 53.70396], [-1.0697, 53.70286], [-1.07493, 53.70398], [-1.07816, 53.69774], [-1.07635, 53.69673], [-1.08501, 53.68694], [-1.08068, 53.68526], [-1.08106, 53.68457], [-1.08732, 53.6833], [-1.09748, 53.67527], [-1.10199, 53.67438], [-1.10357, 53.66954], [-1.09152, 53.66866], [-1.08701, 53.66658], [-1.08877, 53.66446], [-1.08564, 53.66237], [-1.0788, 53.66044], [-1.07106, 53.66], [-1.07119, 53.65789], [-1.06328, 53.65746], [-1.06187, 53.65919], [-1.06023, 53.65925], [-1.05754, 53.65761], [-1.051, 53.65754], [-1.04866, 53.65604], [-1.05048, 53.65493], [-1.05171, 53.65251], [-1.05327, 53.65152], [-1.06607, 53.64887], [-1.07117, 53.64892], [-1.08481, 53.65171], [-1.09046, 53.64985], [-1.09512, 53.64997], [-1.11383, 53.64689], [-1.11605, 53.64578], [-1.11934, 53.64683], [-1.12174, 53.6467], [-1.125, 53.64396], [-1.12899, 53.64297], [-1.12707, 53.63854], [-1.12887, 53.63493], [-1.1354, 53.63271], [-1.1389, 53.63345], [-1.14012, 53.6356], [-1.14351, 53.63633], [-1.14574, 53.63853], [-1.14966, 53.6388], [-1.15229, 53.64276], [-1.15879, 53.64341], [-1.16138, 53.64176], [-1.16777, 53.64079], [-1.17445, 53.63816], [-1.19031, 53.6359], [-1.19369, 53.63637], [-1.19452, 53.63809], [-1.19723, 53.63895], [-1.19846, 53.64023], [-1.20532, 53.64259], [-1.20982, 53.64315], [-1.21089, 53.64094], [-1.21564, 53.64196], [-1.2163, 53.64], [-1.21768, 53.64018], [-1.2186, 53.6366], [-1.21938, 53.63667], [-1.21963, 53.63447], [-1.21847, 53.63316], [-1.21736, 53.62909], [-1.21747, 53.62421], [-1.23284, 53.62109], [-1.23806, 53.62684], [-1.24288, 53.6346], [-1.24355, 53.63425], [-1.2453, 53.63532], [-1.25366, 53.64118], [-1.25537, 53.64478], [-1.25521, 53.64894], [-1.25168, 53.64838], [-1.24877, 53.64961], [-1.25116, 53.65161], [-1.24696, 53.6556], [-1.25229, 53.66175], [-1.2525, 53.66243], [-1.25119, 53.66257], [-1.25232, 53.66664], [-1.24878, 53.6716], [-1.24655, 53.67225], [-1.24644, 53.67295], [-1.24395, 53.67323], [-1.24243, 53.68047], [-1.24441, 53.69241], [-1.19899, 53.69488], [-1.19967, 53.69871], [-1.19881, 53.70071], [-1.21513, 53.70547], [-1.21564, 53.70693], [-1.21844, 53.70708], [-1.21879, 53.70929], [-1.21783, 53.70953], [-1.21714, 53.71123], [-1.21981, 53.7144], [-1.22173, 53.71284], [-1.22463, 53.71233], [-1.22394, 53.71065], [-1.22607, 53.70987], [-1.22801, 53.71044], [-1.22759, 53.71286], [-1.22957, 53.71489], [-1.23901, 53.71233], [-1.24818, 53.71171], [-1.25294, 53.71281], [-1.25634, 53.71175], [-1.26903, 53.71514], [-1.27096, 53.72337], [-1.27196, 53.72491], [-1.27768, 53.7265], [-1.27971, 53.72929], [-1.28376, 53.73199], [-1.28665, 53.73537], [-1.29217, 53.73885], [-1.29647, 53.73958], [-1.29974, 53.74163], [-1.30204, 53.74171], [-1.30235, 53.74248], [-1.30383, 53.74188], [-1.30722, 53.74272], [-1.31003, 53.74452], [-1.31535, 53.74366], [-1.31208, 53.75216], [-1.31224, 53.75587], [-1.3085, 53.75648], [-1.30773, 53.75513], [-1.30556, 53.75472], [-1.3015, 53.75572], [-1.29494, 53.75545], [-1.29469, 53.75626], [-1.29675, 53.75894], [-1.2927, 53.76013], [-1.29246, 53.76147], [-1.29222, 53.76051], [-1.29054, 53.76275], [-1.29039, 53.76425], [-1.29196, 53.76718], [-1.29558, 53.7713], [-1.29812, 53.77279], [-1.30678, 53.77303], [-1.30346, 53.77491], [-1.31259, 53.77928], [-1.3116, 53.77968], [-1.31381, 53.78154], [-1.31363, 53.78607], [-1.31127, 53.78801], [-1.31282, 53.78935], [-1.31172, 53.79543], [-1.31362, 53.80086], [-1.31394, 53.80681], [-1.31487, 53.80954], [-1.31362, 53.80964], [-1.31243, 53.81436], [-1.3076, 53.81361], [-1.30729, 53.8145], [-1.3051, 53.81503], [-1.30362, 53.81652], [-1.30709, 53.8176], [-1.31039, 53.8199], [-1.30967, 53.82288], [-1.31537, 53.82358], [-1.33277, 53.83277], [-1.33609, 53.83357], [-1.32974, 53.83581], [-1.32844, 53.83497], [-1.32534, 53.83504], [-1.326, 53.83588], [-1.32542, 53.83812], [-1.32655, 53.84041], [-1.32815, 53.84128], [-1.33234, 53.84094], [-1.33822, 53.84423], [-1.34213, 53.84516], [-1.33842, 53.85173], [-1.34275, 53.8515], [-1.35297, 53.85673], [-1.33155, 53.86152], [-1.31889, 53.86227], [-1.31541, 53.86332], [-1.3126, 53.8653], [-1.31178, 53.86686], [-1.31479, 53.86865], [-1.3184, 53.87746], [-1.31708, 53.87847], [-1.31969, 53.87894], [-1.31576, 53.87947], [-1.3156, 53.88166], [-1.3208, 53.88377], [-1.31999, 53.88538], [-1.32002, 53.88851], [-1.31795, 53.88873], [-1.31793, 53.89183], [-1.31677, 53.89201], [-1.31782, 53.89407], [-1.31814, 53.89753], [-1.32227, 53.90044], [-1.32105, 53.90346], [-1.30848, 53.90545], [-1.30387, 53.90443], [-1.29727, 53.90484], [-1.2966, 53.90442], [-1.29768, 53.90284], [-1.29672, 53.9025], [-1.28919, 53.90441], [-1.28195, 53.9019], [-1.28385, 53.90084], [-1.28545, 53.90091], [-1.28696, 53.90219], [-1.28878, 53.90102], [-1.29147, 53.90088], [-1.29165, 53.89972], [-1.2837, 53.89738], [-1.28456, 53.89468], [-1.28171, 53.89489], [-1.28168, 53.89266], [-1.27924, 53.89255], [-1.27855, 53.89141], [-1.27558, 53.89335], [-1.27353, 53.89358], [-1.27209, 53.8958], [-1.26678, 53.89947], [-1.26923, 53.90202], [-1.27012, 53.90665], [-1.26799, 53.91113], [-1.26755, 53.91413], [-1.27026, 53.91696], [-1.2608, 53.9198], [-1.26376, 53.92034], [-1.26195, 53.92324], [-1.26343, 53.92585], [-1.26269, 53.92775], [-1.26596, 53.93039], [-1.26893, 53.93146], [-1.27085, 53.93464], [-1.26545, 53.93501], [-1.26257, 53.93431], [-1.2519, 53.93558]]]]}}, {"type": "Feature", "properties": {"name": "York", "county": "North Yorkshire"}, "geometry": {"type": "Polygon", "coordinates": [[[-1.02445, 54.05202], [-1.01437, 54.04931], [-1.01242, 54.05129], [-1.0071, 54.05417], [-1.0062, 54.05384], [-1.00442, 54.05555], [-1.00233, 54.05533], [-1.00039, 54.05096], [-0.99378, 54.04726], [-0.99488, 54.0462], [-0.99292, 54.04368], [-0.99327, 54.04228], [-0.98926, 54.04172], [-0.9846, 54.03885], [-0.98224, 54.03942], [-0.98135, 54.03386], [-0.9823, 54.03091], [-0.97331, 54.02929], [-0.97013, 54.02594], [-0.97061, 54.02306], [-0.96684, 54.02296], [-0.97941, 54.0174], [-0.97693, 54.01576], [-0.98274, 54.01001], [-0.97992, 54.00738], [-0.97933, 54.00537], [-0.98087, 54.004], [-0.98477, 54.00266], [-0.98004, 54.00283], [-0.97541, 54.00473], [-0.97275, 54.00171], [-0.97192, 53.99668], [-0.97909, 53.99594], [-0.97886, 53.99452], [-0.98318, 53.99334], [-0.98125, 53.99114], [-0.98793, 53.98905], [-0.99477, 53.98531], [-0.99406, 53.98446], [-0.99581, 53.98396], [-0.99483, 53.98305], [-0.99105, 53.98191], [-0.98465, 53.98153], [-0.97923, 53.98302], [-0.97676, 53.98198], [-0.97338, 53.98487], [-0.97007, 53.9848], [-0.96704, 53.9859], [-0.95768, 53.98394], [-0.95325, 53.98649], [-0.94435, 53.98911], [-0.93511, 53.98976], [-0.93415, 53.98926], [-0.92529, 53.9915], [-0.92031, 53.99008], [-0.92363, 53.98837], [-0.92497, 53.98624], [-0.92782, 53.98401], [-0.92704, 53.9805], [-0.92877, 53.97608], [-0.93074, 53.97447], [-0.93129, 53.9724], [-0.93378, 53.97049], [-0.9341, 53.96865], [-0.93131, 53.96585], [-0.92829, 53.9643], [-0.92386, 53.96335], [-0.9212, 53.9604], [-0.92215, 53.95663], [-0.92765, 53.95265], [-0.9276, 53.95168], [-0.9257, 53.95036], [-0.92495, 53.94874], [-0.92709, 53.94654], [-0.92652, 53.94466], [-0.92845, 53.94342], [-0.92785, 53.94189], [-0.92507, 53.94075], [-0.92618, 53.93694], [-0.92557, 53.93588], [-0.92341, 53.93499], [-0.92641, 53.93309], [-0.92883, 53.93], [-0.9287, 53.92903], [-0.92324, 53.92524], [-0.92167, 53.92121], [-0.92336, 53.92032], [-0.92759, 53.92092], [-0.92835, 53.92044], [-0.92779, 53.91829], [-0.93167, 53.91735], [-0.93081, 53.91402], [-0.93482, 53.91357], [-0.93218, 53.91203], [-0.93204, 53.90874], [-0.93831, 53.90787], [-0.93893, 53.90588], [-0.94104, 53.90414], [-0.93997, 53.90258], [-0.94067, 53.90108], [-0.94028, 53.89862], [-0.94871, 53.89499], [-0.94951, 53.89383], [-0.94469, 53.89203], [-0.93413, 53.89024], [-0.92084, 53.8906], [-0.91967, 53.88928], [-0.92053, 53.8884], [-0.92359, 53.88771], [-0.92293, 53.88535], [-0.92465, 53.88269], [-0.92351, 53.88075], [-0.92538, 53.88073], [-0.92683, 53.88254], [-0.92979, 53.88129], [-0.93046, 53.87951], [-0.93443, 53.8798], [-0.93497, 53.88], [-0.93451, 53.88292], [-0.93816, 53.88581], [-0.93861, 53.88752], [-0.94407, 53.8881], [-0.94515, 53.88694], [-0.94824, 53.88607], [-0.94802, 53.88485], [-0.9677, 53.88282], [-0.99283, 53.87519], [-1.003, 53.88619], [-1.0082, 53.88998], [-1.02154, 53.88835], [-1.02374, 53.8864], [-1.02707, 53.88638], [-1.02939, 53.88501], [-1.04651, 53.88081], [-1.05347, 53.8773], [-1.06495, 53.87457], [-1.06854, 53.87907], [-1.07616, 53.88107], [-1.07766, 53.88357], [-1.08366, 53.88219], [-1.08577, 53.88244], [-1.08747, 53.88428], [-1.09119, 53.8858], [-1.09332, 53.88455], [-1.09531, 53.88444], [-1.09557, 53.88659], [-1.09339, 53.88878], [-1.093, 53.89019], [-1.0986, 53.89381], [-1.09904, 53.89328], [-1.09453, 53.89113], [-1.09361, 53.88942], [-1.09634, 53.88656], [-1.09582, 53.88418], [-1.09633, 53.88288], [-1.10023, 53.88034], [-1.10063, 53.87675], [-1.10533, 53.87582], [-1.11196, 53.87904], [-1.11743, 53.88034], [-1.12105, 53.88263], [-1.12498, 53.88266], [-1.12523, 53.88559], [-1.12911, 53.88897], [-1.13335, 53.89104], [-1.13481, 53.89473], [-1.13681, 53.89592], [-1.14156, 53.89263], [-1.14355, 53.89247], [-1.14676, 53.89459], [-1.15, 53.89362], [-1.15023, 53.89498], [-1.15439, 53.89591], [-1.15432, 53.89666], [-1.16012, 53.90041], [-1.16491, 53.91056], [-1.17059, 53.9088], [-1.17738, 53.91431], [-1.1793, 53.91688], [-1.18571, 53.91605], [-1.1867, 53.91842], [-1.19113, 53.92256], [-1.19563, 53.92236], [-1.19605, 53.92349], [-1.19949, 53.92533], [-1.20007, 53.92845], [-1.19799, 53.92864], [-1.19773, 53.92931], [-1.20014, 53.93237], [-1.19989, 53.93453], [-1.20387, 53.94123], [-1.20344, 53.94208], [-1.20413, 53.94347], [-1.20738, 53.94549], [-1.20899, 53.95123], [-1.21182, 53.95418], [-1.21303, 53.95665], [-1.21991, 53.96262], [-1.21981, 53.96375], [-1.21748, 53.96598], [-1.22089, 53.96915], [-1.2216, 53.97265], [-1.22369, 53.97465], [-1.22074, 53.98146], [-1.21735, 53.98325], [-1.21651, 53.98557], [-1.21328, 53.98522], [-1.20339, 53.98665], [-1.20031, 53.98901], [-1.19753, 53.98837], [-1.19729, 53.98684], [-1.19221, 53.98417], [-1.18644, 53.98438], [-1.18574, 53.98377], [-1.1821, 53.98533], [-1.18061, 53.9898], [-1.18328, 53.9962], [-1.18663, 53.99815], [-1.1894, 53.998], [-1.19192, 53.99991], [-1.19099, 54.00126], [-1.18856, 54.00247], [-1.18343, 54.00104], [-1.17951, 53.99884], [-1.1782, 54.00049], [-1.17507, 54.00137], [-1.17609, 54.00175], [-1.1755, 54.00218], [-1.17296, 54.00149], [-1.16718, 53.9963], [-1.16134, 53.99463], [-1.1519, 53.98916], [-1.14721, 53.989], [-1.13699, 53.99107], [-1.13891, 53.99261], [-1.13939, 53.99521], [-1.14099, 53.996], [-1.14056, 53.99734], [-1.14686, 54.00056], [-1.14908, 54.00293], [-1.14717, 54.00662], [-1.14409, 54.0082], [-1.14287, 54.01077], [-1.14374, 54.01264], [-1.14592, 54.01329], [-1.14806, 54.01569], [-1.14237, 54.01894], [-1.14509, 54.02288], [-1.14503, 54.02452], [-1.14481, 54.02549], [-1.14063, 54.02777], [-1.14079, 54.02984], [-1.12758, 54.03101], [-1.12027, 54.02903], [-1.11489, 54.03582], [-1.10707, 54.03739], [-1.09977, 54.03767], [-1.09977, 54.0394], [-1.10107, 54.04095], [-1.09945, 54.04153], [-1.0961, 54.04044], [-1.09427, 54.04661], [-1.09307, 54.04616], [-1.089, 54.04808], [-1.08378, 54.04759], [-1.06216, 54.05012], [-1.05872, 54.04783], [-1.05841, 54.05243], [-1.0597, 54.05687], [-1.04745, 54.05443], [-1.02445, 54.05202]]]}}]}